date,temperature_2m,temperature_2m_previous_day1,temperature_2m_previous_day2,temperature_2m_previous_day3,temperature_2m_previous_day4,temperature_2m_previous_day5,temperature_2m_previous_day6,temperature_2m_previous_day7,cloud_cover,cloud_cover_previous_day1,cloud_cover_previous_day2,cloud_cover_previous_day3,cloud_cover_previous_day4,cloud_cover_previous_day5,cloud_cover_previous_day6,cloud_cover_previous_day7,direct_normal_irradiance,direct_normal_irradiance_previous_day1,direct_normal_irradiance_previous_day2,direct_normal_irradiance_previous_day3,direct_normal_irradiance_previous_day4,direct_normal_irradiance_previous_day5,direct_normal_irradiance_previous_day6,direct_normal_irradiance_previous_day7
2024-11-02 23:00:00+00:00,7.124,9.174,9.526999,9.327,9.727,6.265,7.315,7.639,94.0,100.0,95.0,60.0,73.0,95.0,70.0,4.0,0.0,0.0,0.0,0.0,0.0,0.0,0.0,0.0
2024-11-03 00:00:00+00:00,8.074,9.124,9.577,10.727,10.427,9.514999,9.165,4.089,99.0,100.0,89.0,90.0,92.0,68.0,89.0,96.0,0.0,0.0,0.0,0.0,0.0,0.0,0.0,0.0
2024-11-03 01:00:00+00:00,8.274,9.224,9.577,10.427,10.276999,9.315,9.415,3.739,100.0,100.0,90.0,89.0,95.0,70.0,88.0,97.0,0.0,0.0,0.0,0.0,0.0,0.0,0.0,0.0
2024-11-03 02:00:00+00:00,8.524,9.074,9.427,10.227,10.127,8.915,9.764999,3.489,100.0,100.0,91.0,94.0,97.0,72.0,87.0,99.0,0.0,0.0,0.0,0.0,0.0,0.0,0.0,0.0
2024-11-03 03:00:00+00:00,8.674,7.824,9.227,10.227,9.827,8.665,9.964999,3.139,100.0,100.0,89.0,99.0,100.0,74.0,86.0,100.0,0.0,0.0,0.0,0.0,0.0,0.0,0.0,0.0
2024-11-03 04:00:00+00:00,8.674,7.824,9.177,10.026999,9.327,8.665,9.915,2.389,100.0,100.0,97.0,95.0,99.0,81.0,83.0,77.0,0.0,0.0,0.0,0.0,0.0,0.0,0.0,0.0
2024-11-03 05:00:00+00:00,8.724,7.924,9.026999,9.776999,8.727,8.815,9.714999,1.4890001,100.0,100.0,98.0,94.0,99.0,87.0,81.0,55.0,0.0,0.0,0.0,0.0,0.0,0.0,0.0,0.0
2024-11-03 06:00:00+00:00,8.824,8.024,8.177,9.127,8.477,9.165,9.815,8.089,100.0,100.0,88.0,96.0,67.0,94.0,78.0,100.0,0.0,0.0,0.0,0.0,20.98536,0.0,20.3602,0.0
2024-11-03 07:00:00+00:00,9.074,8.124,8.227,9.427,9.477,9.714999,10.365,8.039,100.0,100.0,78.0,88.0,66.0,91.0,75.0,100.0,0.0,3.9430892,79.02739,47.41643,244.9849,70.24753,179.52147,70.43266
2024-11-03 08:00:00+00:00,9.424,8.824,9.026999,10.227,10.877,10.464999,11.115,8.039,100.0,100.0,61.0,97.0,65.0,88.0,73.0,100.0,7.0789824,17.191814,271.60724,93.238304,295.93027,76.08672,212.2419,84.272446
2024-11-03 09:00:00+00:00,9.774,10.024,9.827,10.827,12.127,11.165,11.865,8.289,100.0,87.0,66.0,96.0,64.0,85.0,70.0,100.0,17.265657,111.190834,439.8982,132.79945,304.3321,87.83561,225.07875,104.37739
2024-11-03 10:00:00+00:00,10.374,11.024,10.526999,11.327,13.077,11.865,12.615,8.988999,100.0,79.0,85.0,96.0,68.0,73.0,57.0,99.0,33.020187,289.2113,424.07565,118.558784,339.71652,136.01228,281.09204,194.93344
2024-11-03 11:00:00+00:00,10.824,11.924,10.977,11.677,13.877,12.514999,13.365,9.839,100.0,62.0,84.0,100.0,72.0,62.0,45.0,99.0,22.182152,279.91763,370.07483,128.99751,386.99255,200.02812,355.8395,315.61105
2024-11-03 12:00:00+00:00,10.074,12.874,12.677,10.776999,11.927,13.964999,14.365,12.039,100.0,61.0,71.0,73.0,93.0,51.0,42.0,99.0,71.91712,458.5392,467.59787,359.35764,108.24025,509.28052,530.86017,467.65933
2024-11-03 13:00:00+00:00,10.474,12.974,13.026999,11.276999,12.077,14.115,14.514999,11.789,100.0,65.0,54.0,53.0,85.0,49.0,28.0,94.0,30.111374,432.62057,487.0664,400.9688,142.67601,493.47705,542.5793,455.69153
2024-11-03 14:00:00+00:00,10.574,12.524,12.977,11.377,12.077,13.865,14.315,11.188999,84.0,71.0,55.0,24.0,78.0,47.0,14.0,90.0,56.344826,297.01773,431.71637,393.05518,183.64053,466.99576,534.62964,423.69852
2024-11-03 15:00:00+00:00,10.324,11.924,12.276999,10.977,11.877,13.214999,13.714999,10.339,64.0,67.0,64.0,52.0,70.0,45.0,0.0,85.0,117.9357,165.10997,316.48993,288.72766,199.88838,412.17596,490.1552,381.83447
2024-11-03 16:00:00+00:00,9.224,10.174,10.727,9.776999,11.276999,11.815,12.464999,9.139,100.0,82.0,27.0,63.0,72.0,48.0,13.0,66.0,14.011482,16.81378,44.84364,33.63273,89.68728,157.73994,191.54135,167.85121
2024-11-03 17:00:00+00:00,8.324,8.624,9.427,8.077,10.477,9.964999,10.815,7.639,88.0,96.0,11.0,48.0,73.0,52.0,26.0,47.0,0.0,0.0,0.0,0.0,0.0,0.0,0.0,0.0
2024-11-03 18:00:00+00:00,7.224,7.974,7.8269997,8.877,11.177,8.415,9.315,5.439,100.0,55.0,0.0,45.0,86.0,55.0,39.0,70.0,0.0,0.0,0.0,0.0,0.0,0.0,0.0,0.0
2024-11-03 19:00:00+00:00,6.924,7.074,7.2269998,8.227,10.677,7.465,8.165,4.889,74.0,42.0,6.0,15.0,84.0,65.0,52.0,78.0,0.0,0.0,0.0,0.0,0.0,0.0,0.0,0.0
2024-11-03 20:00:00+00:00,6.574,6.224,6.7269998,7.527,10.276999,6.8650002,7.165,4.589,80.0,39.0,0.0,15.0,82.0,74.0,66.0,85.0,0.0,0.0,0.0,0.0,0.0,0.0,0.0,0.0
2024-11-03 21:00:00+00:00,5.424,5.274,6.177,7.0769997,9.827,6.415,6.465,4.339,53.0,10.0,0.0,11.0,80.0,84.0,79.0,93.0,0.0,0.0,0.0,0.0,0.0,0.0,0.0,0.0
2024-11-03 22:00:00+00:00,4.924,4.574,5.677,6.5769997,9.327,6.1150002,6.165,4.089,53.0,0.0,0.0,23.0,75.0,85.0,86.0,86.0,0.0,0.0,0.0,0.0,0.0,0.0,0.0,0.0
2024-11-03 23:00:00+00:00,2.824,4.124,5.0769997,5.877,8.827,5.965,6.065,3.889,100.0,0.0,0.0,0.0,69.0,86.0,93.0,80.0,0.0,0.0,0.0,0.0,0.0,0.0,0.0,0.0
2024-11-04 00:00:00+00:00,1.924,3.624,4.5769997,5.5769997,4.4769998,0.415,3.9650002,2.739,100.0,44.0,14.0,0.0,0.0,0.0,63.0,35.0,0.0,0.0,0.0,0.0,0.0,0.0,0.0,0.0
2024-11-04 01:00:00+00:00,1.824,2.824,4.7269998,5.0769997,3.8270001,0.065,3.765,2.4390001,100.0,96.0,14.0,0.0,3.0,0.0,64.0,42.0,0.0,0.0,0.0,0.0,0.0,0.0,0.0,0.0
2024-11-04 02:00:00+00:00,2.174,2.174,3.7770002,4.627,3.177,-0.335,3.615,2.139,100.0,100.0,12.0,6.0,5.0,0.0,65.0,48.0,0.0,0.0,0.0,0.0,0.0,0.0,0.0,0.0
2024-11-04 03:00:00+00:00,2.524,1.874,3.227,4.127,2.5770001,-0.585,3.415,1.889,100.0,100.0,57.0,9.0,8.0,0.0,66.0,55.0,0.0,0.0,0.0,0.0,0.0,0.0,0.0,0.0
2024-11-04 04:00:00+00:00,1.874,0.724,3.0270002,4.027,1.9269999,-0.785,2.9650002,1.439,100.0,100.0,58.0,13.0,27.0,0.0,68.0,41.0,0.0,0.0,0.0,0.0,0.0,0.0,0.0,0.0
2024-11-04 05:00:00+00:00,1.574,0.474,2.627,3.927,1.377,-0.835,2.4650002,1.039,100.0,100.0,66.0,18.0,47.0,0.0,69.0,27.0,0.0,0.0,0.0,0.0,0.0,0.0,0.0,0.0
2024-11-04 06:00:00+00:00,2.124,0.324,1.977,2.227,2.177,-0.185,2.665,1.439,100.0,100.0,70.0,12.0,78.0,0.0,71.0,100.0,0.0,0.0,0.0,0.0,21.912037,42.464157,42.464157,21.421839
2024-11-04 07:00:00+00:00,2.474,1.924,2.427,2.7770002,3.2770002,1.615,4.065,3.089,100.0,100.0,62.0,12.0,53.0,0.0,47.0,83.0,6.0196686,8.026225,144.78117,193.04156,345.86612,444.7764,405.0642,477.81796
2024-11-04 08:00:00+00:00,3.174,2.974,4.2269998,5.127,5.0769997,4.165,6.215,5.489,100.0,100.0,21.0,3.0,27.0,0.0,24.0,67.0,21.622004,39.12553,375.60483,487.048,429.26266,546.2367,497.31998,592.3343
2024-11-04 09:00:00+00:00,4.724,4.924,7.177,7.277,6.927,6.515,8.264999,7.589,100.0,100.0,0.0,0.0,2.0,0.0,0.0,50.0,48.261936,114.010086,622.0568,644.47327,451.13132,561.49457,508.68073,600.8296
2024-11-04 10:00:00+00:00,6.874,6.724,9.677,9.276999,8.776999,8.615,10.115,9.289,72.0,71.0,0.0,0.0,1.0,0.0,9.0,54.0,196.22337,107.03093,728.2309,719.01276,541.5641,620.89233,568.19666,629.9974
2024-11-04 11:00:00+00:00,8.874,9.124,11.276999,10.877,10.727,10.514999,11.915,10.688999,10.0,16.0,0.0,0.0,1.0,0.0,17.0,58.0,534.52344,525.45465,751.8729,751.8729,664.2968,701.79083,644.3716,669.4121
2024-11-04 12:00:00+00:00,9.324,11.124,12.227,12.877,11.776999,12.615,14.065,11.488999,44.0,0.0,0.0,0.0,0.0,0.0,26.0,2.0,709.5987,719.43146,752.32495,754.51196,734.82904,747.7345,710.67474,838.1699
2024-11-04 13:00:00+00:00,10.424,11.974,12.827,13.427,12.227,13.214999,14.565,11.188999,0.0,0.0,0.0,0.0,0.0,0.0,22.0,2.0,656.95874,688.65686,714.0674,716.5554,736.4597,744.9182,722.5707,835.01385
2024-11-04 14:00:00+00:00,10.824,12.074,12.776999,13.377,12.077,13.214999,14.464999,10.089,0.0,0.0,0.0,0.0,0.0,0.0,18.0,3.0,589.58026,597.74615,621.0163,627.5533,699.46045,702.4657,679.5947,801.01086
2024-11-04 15:00:00+00:00,10.574,11.724,12.026999,12.577,11.526999,12.415,13.714999,8.839,0.0,0.0,2.0,0.0,0.0,0.0,14.0,3.0,402.1042,410.62936,432.1495,437.83566,619.79333,621.76056,593.23944,719.62585
2024-11-04 16:00:00+00:00,9.174,10.324,10.477,11.077,10.377,10.365,11.865,7.489,0.0,0.0,6.0,0.0,0.0,0.0,30.0,6.0,51.642487,54.511513,57.389446,68.86733,241.03568,230.72223,219.18611,274.93063
2024-11-04 17:00:00+00:00,7.274,9.074,8.776999,9.377,8.776999,7.565,9.415,5.989,0.0,0.0,27.0,1.0,0.0,0.0,46.0,10.0,0.0,0.0,0.0,0.0,0.0,0.0,0.0,0.0
2024-11-04 18:00:00+00:00,4.874,8.024,7.627,7.427,8.027,5.215,7.665,7.389,42.0,0.0,19.0,0.0,0.0,0.0,62.0,71.0,0.0,0.0,0.0,0.0,0.0,0.0,0.0,0.0
2024-11-04 19:00:00+00:00,4.424,7.574,6.777,6.677,7.0769997,3.7150002,7.465,6.689,0.0,31.0,17.0,0.0,6.0,22.0,67.0,60.0,0.0,0.0,0.0,0.0,0.0,0.0,0.0,0.0
2024-11-04 20:00:00+00:00,4.274,6.524,6.027,5.8269997,6.377,2.7150002,8.014999,6.239,0.0,17.0,28.0,9.0,12.0,43.0,71.0,49.0,0.0,0.0,0.0,0.0,0.0,0.0,0.0,0.0
2024-11-04 21:00:00+00:00,1.424,5.224,5.2269998,5.277,5.877,2.015,8.315,5.839,100.0,46.0,37.0,8.0,18.0,65.0,76.0,38.0,0.0,0.0,0.0,0.0,0.0,0.0,0.0,0.0
2024-11-04 22:00:00+00:00,1.0239999,3.924,4.777,5.127,5.7269998,1.7650001,8.014999,5.489,100.0,100.0,42.0,9.0,16.0,60.0,73.0,38.0,0.0,0.0,0.0,0.0,0.0,0.0,0.0,0.0
2024-11-04 23:00:00+00:00,0.62399995,2.824,4.677,5.0769997,5.7269998,1.915,7.515,5.239,100.0,100.0,42.0,9.0,15.0,54.0,69.0,38.0,0.0,0.0,0.0,0.0,0.0,0.0,0.0,0.0
2024-11-05 00:00:00+00:00,-0.526,2.124,3.3270001,5.2269998,5.4769998,0.16499999,1.2149999,3.039,100.0,100.0,57.0,13.0,22.0,100.0,66.0,2.0,0.0,0.0,0.0,0.0,0.0,0.0,0.0,0.0
2024-11-05 01:00:00+00:00,-0.676,1.224,3.227,4.777,5.027,0.014999997,1.365,2.739,100.0,100.0,53.0,19.0,37.0,88.0,72.0,4.0,0.0,0.0,0.0,0.0,0.0,0.0,0.0,0.0
2024-11-05 02:00:00+00:00,-0.82600003,0.724,3.377,4.377,4.377,-0.08500001,1.565,2.489,100.0,100.0,25.0,58.0,52.0,75.0,77.0,6.0,0.0,0.0,0.0,0.0,0.0,0.0,0.0,0.0
2024-11-05 03:00:00+00:00,-0.676,2.874,3.2770002,4.277,3.7770002,-0.185,1.615,2.239,100.0,100.0,43.0,59.0,67.0,63.0,83.0,8.0,0.0,0.0,0.0,0.0,0.0,0.0,0.0,0.0
2024-11-05 04:00:00+00:00,0.174,2.674,3.2770002,3.8270001,3.177,-0.585,1.165,1.7390001,100.0,100.0,54.0,78.0,71.0,66.0,89.0,8.0,0.0,0.0,0.0,0.0,0.0,0.0,0.0,0.0
2024-11-05 05:00:00+00:00,0.824,2.524,2.927,3.127,2.627,-0.935,0.565,1.289,100.0,100.0,75.0,78.0,74.0,69.0,94.0,9.0,0.0,0.0,0.0,0.0,0.0,0.0,0.0,0.0
2024-11-05 06:00:00+00:00,0.324,3.524,3.477,3.0270002,2.5270002,-0.535,0.615,3.889,100.0,100.0,78.0,82.0,100.0,72.0,100.0,2.0,0.0,0.0,0.0,0.0,0.0,22.171812,0.0,22.378443
2024-11-05 07:00:00+00:00,1.074,3.774,3.7770002,3.2770002,3.5270002,1.315,1.865,5.439,100.0,100.0,75.0,82.0,75.0,48.0,100.0,1.0,0.0,4.084994,114.629,106.441216,302.94806,428.40695,242.4945,453.87878
2024-11-05 08:00:00+00:00,2.474,4.424,5.127,4.8269997,5.0769997,3.9650002,3.815,7.639,100.0,100.0,66.0,78.0,49.0,24.0,100.0,1.0,11.532949,35.647297,340.4599,285.8182,378.2888,539.5167,302.9594,578.1108
2024-11-05 09:00:00+00:00,3.574,5.174,7.177,7.377,6.627,6.3650002,5.815,9.639,100.0,71.0,56.0,35.0,24.0,0.0,100.0,0.0,25.502342,169.30722,502.32208,513.674,402.99286,554.5523,323.72342,591.56256
2024-11-05 10:00:00+00:00,6.024,8.074,9.177,9.327,8.277,8.365,7.965,11.188999,100.0,0.0,21.0,17.0,16.0,27.0,100.0,0.0,95.383675,611.8514,647.5414,635.89496,512.4428,620.56995,414.48514,643.6619
2024-11-05 11:00:00+00:00,8.474,9.774,10.427,10.477,9.927,10.115,10.214999,12.438999,19.0,0.0,0.0,7.0,8.0,55.0,100.0,0.0,448.27472,744.0714,692.5234,653.6903,658.00507,706.6317,536.9542,712.55835
2024-11-05 12:00:00+00:00,10.374,10.224,10.927,11.377,11.627,10.915,10.865,11.839,19.0,93.0,66.0,26.0,0.0,32.0,0.0,55.0,719.565,727.8422,653.93243,667.1878,746.7201,746.49506,552.7146,778.47015
2024-11-05 13:00:00+00:00,10.974,10.574,11.227,11.677,11.977,11.565,11.815,11.389,7.0,98.0,69.0,20.0,0.0,49.0,7.0,62.0,673.8148,567.58844,608.92065,631.56647,762.40894,715.6536,625.25525,751.70013
2024-11-05 14:00:00+00:00,10.974,10.474,11.127,11.577,11.727,11.565,12.065,10.188999,8.0,100.0,87.0,34.0,0.0,66.0,13.0,70.0,585.61975,417.47153,477.4294,576.89386,719.4596,636.3129,659.51184,686.9549
2024-11-05 15:00:00+00:00,10.424,10.574,10.377,10.727,11.127,10.665,11.615,8.889,2.0,100.0,75.0,46.0,0.0,83.0,20.0,77.0,389.92633,200.78296,285.31253,361.0077,634.6748,531.5587,625.0196,597.56525
2024-11-05 16:00:00+00:00,8.224,9.024,9.127,9.377,9.977,8.264999,10.264999,7.539,0.0,71.0,84.0,63.0,0.0,70.0,14.0,71.0,49.927437,20.558355,35.24859,46.998116,234.99059,188.95523,224.38434,234.5132
2024-11-05 17:00:00+00:00,5.624,6.624,7.7269998,7.877,8.377,5.015,8.214999,6.089,53.0,97.0,99.0,82.0,0.0,58.0,7.0,65.0,0.0,0.0,0.0,0.0,0.0,0.0,0.0,0.0
2024-11-05 18:00:00+00:00,4.324,5.574,6.277,7.027,7.177,2.515,6.215,5.539,100.0,100.0,99.0,82.0,56.0,45.0,1.0,6.0,0.0,0.0,0.0,0.0,0.0,0.0,0.0,0.0
2024-11-05 19:00:00+00:00,4.524,5.674,5.777,6.5769997,6.177,1.4649999,4.315,4.939,100.0,100.0,100.0,93.0,60.0,52.0,22.0,6.0,0.0,0.0,0.0,0.0,0.0,0.0,0.0,0.0
2024-11-05 20:00:00+00:00,3.824,5.424,5.7269998,6.177,5.377,1.115,2.415,4.689,100.0,100.0,100.0,100.0,65.0,58.0,43.0,5.0,0.0,0.0,0.0,0.0,0.0,0.0,0.0,0.0
2024-11-05 21:00:00+00:00,2.424,3.224,5.627,5.627,4.777,1.015,1.165,4.439,100.0,100.0,100.0,100.0,69.0,65.0,64.0,5.0,0.0,0.0,0.0,0.0,0.0,0.0,0.0,0.0
2024-11-05 22:00:00+00:00,1.924,2.324,5.377,5.677,4.527,1.065,0.965,4.139,100.0,100.0,100.0,100.0,67.0,77.0,63.0,3.0,0.0,0.0,0.0,0.0,0.0,0.0,0.0,0.0
2024-11-05 23:00:00+00:00,1.574,2.424,4.527,5.427,4.527,1.2650001,1.365,3.839,100.0,100.0,100.0,100.0,64.0,88.0,62.0,2.0,0.0,0.0,0.0,0.0,0.0,0.0,0.0,0.0
2024-11-06 00:00:00+00:00,0.224,1.324,5.8269997,3.977,4.4769998,0.865,0.415,2.489,100.0,100.0,100.0,100.0,100.0,96.0,66.0,42.0,0.0,0.0,0.0,0.0,0.0,0.0,0.0,0.0
2024-11-06 01:00:00+00:00,0.124000005,0.67399997,5.127,3.5770001,4.177,0.815,0.465,2.1890001,100.0,100.0,100.0,100.0,100.0,90.0,60.0,28.0,0.0,0.0,0.0,0.0,0.0,0.0,0.0,0.0
2024-11-06 02:00:00+00:00,-0.426,0.324,4.677,3.3270001,3.8270001,0.665,0.515,1.939,100.0,100.0,100.0,100.0,100.0,84.0,53.0,14.0,0.0,0.0,0.0,0.0,0.0,0.0,0.0,0.0
2024-11-06 03:00:00+00:00,-0.426,2.324,4.7269998,2.627,3.377,0.615,0.515,1.689,100.0,100.0,100.0,100.0,100.0,78.0,47.0,0.0,0.0,0.0,0.0,0.0,0.0,0.0,0.0,0.0
2024-11-06 04:00:00+00:00,-0.176,2.374,4.677,2.3270001,2.627,0.465,0.215,1.2390001,100.0,100.0,100.0,100.0,100.0,75.0,64.0,1.0,0.0,0.0,0.0,0.0,0.0,0.0,0.0,0.0
2024-11-06 05:00:00+00:00,-0.22600001,2.574,3.927,2.227,1.777,0.365,-0.135,0.839,100.0,100.0,100.0,100.0,100.0,72.0,82.0,1.0,0.0,0.0,0.0,0.0,0.0,0.0,0.0,0.0
2024-11-06 06:00:00+00:00,-0.47599998,3.224,2.5270002,2.0770001,2.277,0.815,0.215,0.839,100.0,100.0,100.0,100.0,100.0,69.0,99.0,98.0,0.0,0.0,0.0,0.0,0.0,0.0,0.0,0.0
2024-11-06 07:00:00+00:00,0.224,3.974,2.7770002,2.127,2.877,2.165,1.665,2.539,100.0,100.0,99.0,100.0,100.0,55.0,80.0,95.0,8.317398,2.0793495,16.671734,33.343468,116.70213,403.14532,279.7335,412.49475
2024-11-06 08:00:00+00:00,2.074,5.074,3.727,2.977,4.027,4.015,3.765,4.939,100.0,100.0,100.0,99.0,100.0,41.0,61.0,91.0,18.152199,9.609987,128.42653,141.26918,145.55006,523.9952,363.41602,533.61005
2024-11-06 09:00:00+00:00,3.524,5.474,5.2269998,5.027,5.377,6.015,5.915,7.139,100.0,100.0,100.0,82.0,100.0,27.0,42.0,88.0,12.914415,28.6987,241.44778,327.67914,169.58832,538.7943,376.3008,553.43854
2024-11-06 10:00:00+00:00,5.674,7.024,7.0769997,7.3269997,7.177,8.214999,8.165,8.889,99.0,100.0,100.0,49.0,98.0,20.0,44.0,77.0,183.40115,140.48997,353.13278,534.4076,273.08936,603.7647,416.55084,627.1016
2024-11-06 11:00:00+00:00,7.774,8.374,8.877,9.577,9.227,10.514999,10.464999,10.339,100.0,100.0,100.0,16.0,97.0,13.0,47.0,66.0,452.72696,267.71835,440.12756,697.2318,413.98138,691.9289,472.85422,728.2676
2024-11-06 12:00:00+00:00,7.624,9.224,10.477,10.526999,10.577,11.815,11.365,11.339,75.0,100.0,72.0,100.0,54.0,91.0,69.0,2.0,565.16785,413.56464,508.77795,464.1483,551.1761,642.7721,649.44446,792.92554
2024-11-06 13:00:00+00:00,8.674,9.874,10.977,11.077,11.026999,12.264999,12.115,10.988999,87.0,100.0,77.0,95.0,38.0,73.0,73.0,3.0,555.50073,398.5114,547.0367,478.33905,595.37946,634.76416,601.7564,787.93036
2024-11-06 14:00:00+00:00,8.924,10.024,10.877,11.026999,10.827,12.014999,12.014999,9.839,87.0,100.0,92.0,100.0,23.0,54.0,78.0,4.0,478.00058,373.83176,464.03714,373.24728,588.4529,588.1929,443.66547,750.24475
2024-11-06 15:00:00+00:00,7.774,10.224,10.127,10.276999,10.177,10.964999,11.415,8.589,93.0,94.0,66.0,100.0,7.0,36.0,82.0,5.0,338.15326,248.77354,238.47076,149.04424,530.5975,508.38065,299.04742,671.1438
2024-11-06 16:00:00+00:00,6.074,8.824,8.677,8.977,8.977,8.665,10.264999,7.239,100.0,100.0,100.0,100.0,27.0,46.0,68.0,6.0,27.051828,18.034552,24.050621,12.0253105,192.40497,181.31125,96.69933,239.9907
2024-11-06 17:00:00+00:00,4.674,7.224,7.4769998,7.777,7.3269997,5.6150002,8.615,5.739,100.0,32.0,91.0,100.0,48.0,57.0,54.0,8.0,0.0,0.0,0.0,0.0,0.0,0.0,0.0,0.0
2024-11-06 18:00:00+00:00,2.974,5.474,6.177,6.677,6.5769997,3.165,6.915,5.089,100.0,81.0,91.0,40.0,64.0,67.0,40.0,0.0,0.0,0.0,0.0,0.0,0.0,0.0,0.0,0.0
2024-11-06 19:00:00+00:00,2.524,4.774,5.527,6.027,6.127,1.9649999,5.1150002,4.489,87.0,100.0,88.0,43.0,72.0,68.0,60.0,1.0,0.0,0.0,0.0,0.0,0.0,0.0,0.0,0.0
2024-11-06 20:00:00+00:00,2.074,4.474,5.277,5.627,6.027,1.365,3.2150002,4.139,62.0,40.0,78.0,50.0,80.0,69.0,79.0,1.0,0.0,0.0,0.0,0.0,0.0,0.0,0.0,0.0
2024-11-06 21:00:00+00:00,0.974,4.174,4.9769998,5.277,5.8269997,1.065,1.815,3.889,100.0,59.0,89.0,62.0,88.0,70.0,99.0,2.0,0.0,0.0,0.0,0.0,0.0,0.0,0.0,0.0
2024-11-06 22:00:00+00:00,1.074,2.324,4.777,4.927,5.3269997,1.015,1.2650001,3.639,100.0,100.0,83.0,77.0,88.0,75.0,98.0,29.0,0.0,0.0,0.0,0.0,0.0,0.0,0.0,0.0
2024-11-06 23:00:00+00:00,0.62399995,1.074,4.8269997,4.4769998,4.777,1.2149999,1.2650001,3.389,100.0,100.0,85.0,84.0,87.0,81.0,96.0,55.0,0.0,0.0,0.0,0.0,0.0,0.0,0.0,0.0
2024-11-07 00:00:00+00:00,0.92399997,1.0239999,4.8269997,4.177,4.177,1.665,1.065,2.9390001,100.0,100.0,76.0,56.0,72.0,100.0,80.0,5.0,0.0,0.0,0.0,0.0,0.0,0.0,0.0,0.0
2024-11-07 01:00:00+00:00,0.87399995,0.474,4.527,4.027,3.627,1.5150001,1.165,2.6890001,100.0,100.0,92.0,72.0,75.0,98.0,79.0,4.0,0.0,0.0,0.0,0.0,0.0,0.0,0.0,0.0
2024-11-07 02:00:00+00:00,0.974,0.124000005,4.2269998,3.477,3.127,1.315,1.365,2.539,100.0,100.0,82.0,86.0,77.0,97.0,77.0,4.0,0.0,0.0,0.0,0.0,0.0,0.0,0.0,0.0
2024-11-07 03:00:00+00:00,1.074,-0.47599998,3.727,3.2770002,2.677,1.165,1.415,2.339,100.0,100.0,62.0,83.0,80.0,95.0,76.0,3.0,0.0,0.0,0.0,0.0,0.0,0.0,0.0,0.0
2024-11-07 04:00:00+00:00,1.224,-0.426,2.927,2.7770002,2.277,1.115,1.015,1.939,100.0,100.0,46.0,93.0,80.0,87.0,77.0,3.0,0.0,0.0,0.0,0.0,0.0,0.0,0.0,0.0
2024-11-07 05:00:00+00:00,1.574,0.124000005,2.477,2.427,1.977,1.165,0.515,1.539,100.0,100.0,82.0,93.0,80.0,80.0,77.0,2.0,0.0,0.0,0.0,0.0,0.0,0.0,0.0,0.0
2024-11-07 06:00:00+00:00,1.474,-0.026,2.5270002,1.777,2.127,1.5150001,0.865,0.439,100.0,100.0,79.0,94.0,91.0,72.0,78.0,24.0,0.0,0.0,0.0,0.0,0.0,0.0,0.0,0.0
2024-11-07 07:00:00+00:00,2.024,0.824,2.377,2.177,2.5770001,2.315,2.7150002,2.039,100.0,100.0,92.0,93.0,90.0,78.0,52.0,33.0,0.0,0.0,67.900955,93.363815,186.72763,234.50468,393.63287,411.52042
2024-11-07 08:00:00+00:00,2.574,2.024,3.477,3.0770001,3.3270001,3.4650002,5.3650002,4.389,100.0,100.0,94.0,93.0,89.0,84.0,27.0,43.0,5.4379597,21.751839,204.94492,265.99234,244.18968,301.23083,516.3957,564.9812
2024-11-07 09:00:00+00:00,2.974,3.924,4.5769997,4.2269998,4.427,4.915,7.8650002,6.439,100.0,100.0,100.0,92.0,88.0,90.0,1.0,52.0,29.792482,39.965523,291.1218,314.41156,267.83206,323.33987,534.0882,554.6901
2024-11-07 10:00:00+00:00,4.224,6.224,6.277,5.927,6.0769997,6.965,10.065,7.939,100.0,97.0,99.0,76.0,59.0,93.0,1.0,68.0,61.783703,71.882965,371.1689,411.61682,364.03107,425.6849,607.78345,513.13153
2024-11-07 11:00:00+00:00,6.224,8.224,7.927,7.7269998,8.027,9.315,12.065,9.089,55.0,95.0,100.0,45.0,30.0,96.0,2.0,84.0,290.13644,326.95297,477.47192,541.28156,492.87424,562.9119,703.09235,455.2476
2024-11-07 12:00:00+00:00,6.424,9.024,9.127,8.776999,9.227,10.065,10.964999,11.339,83.0,100.0,41.0,62.0,11.0,33.0,18.0,64.0,627.6424,558.96765,554.4108,392.14423,475.53122,601.9725,738.9886,746.9383
2024-11-07 13:00:00+00:00,7.624,9.624,9.927,9.026999,9.776999,10.565,11.514999,10.889,82.0,100.0,68.0,51.0,9.0,27.0,12.0,76.0,454.95575,418.32797,527.35144,362.71487,517.06165,623.776,746.991,686.438
2024-11-07 14:00:00+00:00,7.624,9.524,9.977,8.877,9.927,10.514999,11.264999,9.738999,42.0,100.0,100.0,62.0,8.0,21.0,6.0,88.0,411.43246,298.13947,412.57312,320.51135,535.32214,606.63586,702.06177,577.31036
2024-11-07 15:00:00+00:00,6.374,9.174,9.377,8.327,9.526999,9.764999,10.315,8.488999,63.0,12.0,31.0,67.0,6.0,15.0,0.0,100.0,288.21057,210.43947,207.50343,219.70952,506.55252,544.9285,612.2793,462.01797
2024-11-07 16:00:00+00:00,5.374,7.774,8.077,7.427,8.377,7.815,8.214999,7.189,29.0,26.0,19.0,80.0,24.0,22.0,1.0,83.0,15.37775,36.9066,36.914368,12.30479,184.57184,185.53772,210.27608,159.60016
2024-11-07 17:00:00+00:00,4.174,6.424,6.8269997,6.4769998,6.777,5.1150002,5.415,5.789,43.0,37.0,39.0,97.0,42.0,30.0,1.0,67.0,0.0,0.0,0.0,0.0,0.0,0.0,0.0,0.0
2024-11-07 18:00:00+00:00,2.774,4.224,6.027,6.127,5.677,3.015,3.165,4.389,81.0,7.0,60.0,83.0,58.0,37.0,2.0,3.0,0.0,0.0,0.0,0.0,0.0,0.0,0.0,0.0
2024-11-07 19:00:00+00:00,2.274,3.424,5.627,5.7269998,4.777,2.165,2.015,3.739,100.0,4.0,86.0,73.0,57.0,49.0,24.0,2.0,0.0,0.0,0.0,0.0,0.0,0.0,0.0,0.0
2024-11-07 20:00:00+00:00,1.5239999,3.124,5.5769997,5.527,4.077,1.915,1.415,3.4390001,100.0,0.0,98.0,83.0,55.0,60.0,45.0,1.0,0.0,0.0,0.0,0.0,0.0,0.0,0.0,0.0
2024-11-07 21:00:00+00:00,2.574,2.774,5.2269998,5.177,3.5770001,1.7149999,1.065,3.139,100.0,44.0,91.0,81.0,54.0,72.0,67.0,0.0,0.0,0.0,0.0,0.0,0.0,0.0,0.0,0.0
2024-11-07 22:00:00+00:00,2.724,1.924,4.777,4.677,3.377,1.5150001,0.965,2.789,100.0,100.0,81.0,76.0,41.0,81.0,65.0,0.0,0.0,0.0,0.0,0.0,0.0,0.0,0.0,0.0
2024-11-07 23:00:00+00:00,2.974,1.624,4.4769998,4.4769998,3.377,1.415,1.065,2.489,100.0,100.0,72.0,74.0,27.0,91.0,62.0,0.0,0.0,0.0,0.0,0.0,0.0,0.0,0.0,0.0
2024-11-08 00:00:00+00:00,2.524,1.5239999,4.627,4.627,5.277,1.2149999,1.665,3.4390001,100.0,100.0,85.0,68.0,97.0,61.0,71.0,18.0,0.0,0.0,0.0,0.0,0.0,0.0,0.0,0.0
2024-11-08 01:00:00+00:00,2.224,1.724,4.077,4.127,5.027,1.065,1.615,3.139,100.0,100.0,89.0,72.0,98.0,74.0,73.0,21.0,0.0,0.0,0.0,0.0,0.0,0.0,0.0,0.0
2024-11-08 02:00:00+00:00,2.224,1.7739999,3.627,3.5270002,4.777,1.015,1.5150001,2.839,100.0,100.0,98.0,88.0,98.0,87.0,75.0,25.0,0.0,0.0,0.0,0.0,0.0,0.0,0.0,0.0
2024-11-08 03:00:00+00:00,1.674,1.874,3.5770001,2.8270001,4.4769998,0.815,1.315,2.589,100.0,100.0,97.0,89.0,99.0,100.0,77.0,28.0,0.0,0.0,0.0,0.0,0.0,0.0,0.0,0.0
2024-11-08 04:00:00+00:00,1.624,1.974,3.427,2.277,4.127,0.215,0.715,2.089,100.0,100.0,98.0,94.0,99.0,100.0,85.0,23.0,0.0,0.0,0.0,0.0,0.0,0.0,0.0,0.0
2024-11-08 05:00:00+00:00,1.624,2.324,3.3270001,2.3270001,3.7770002,-0.485,0.014999997,1.639,100.0,100.0,97.0,97.0,98.0,100.0,92.0,18.0,0.0,0.0,0.0,0.0,0.0,0.0,0.0,0.0
2024-11-08 06:00:00+00:00,1.324,1.224,3.877,2.227,1.9269999,-0.435,-0.135,2.389,100.0,100.0,100.0,99.0,97.0,100.0,100.0,11.0,0.0,0.0,0.0,0.0,0.0,0.0,0.0,0.0
2024-11-08 07:00:00+00:00,1.674,1.574,4.077,2.8270001,2.427,0.865,0.665,3.839,100.0,100.0,100.0,99.0,91.0,97.0,97.0,11.0,0.0,2.1557744,43.21505,17.28602,190.14622,213.16306,204.63654,410.41782
2024-11-08 08:00:00+00:00,2.474,2.624,4.8269997,3.727,3.2770002,2.815,2.065,5.989,100.0,100.0,99.0,99.0,84.0,95.0,95.0,11.0,9.971145,5.539525,128.8235,111.05474,266.53137,289.26086,276.11264,588.60693
2024-11-08 09:00:00+00:00,3.024,4.074,5.7269998,4.677,4.327,4.765,3.765,7.839,100.0,100.0,99.0,99.0,78.0,92.0,92.0,11.0,19.134197,28.701296,206.39394,162.16666,283.05453,306.9754,301.12827,573.4296
2024-11-08 10:00:00+00:00,4.274,5.724,6.677,5.677,5.777,6.515,5.965,9.188999,100.0,86.0,94.0,94.0,59.0,76.0,61.0,41.0,56.433426,94.25583,262.0888,269.30228,355.8637,387.14465,413.43225,523.3038
2024-11-08 11:00:00+00:00,5.774,7.474,7.8269997,6.877,7.427,8.165,8.464999,10.289,80.0,65.0,72.0,74.0,41.0,59.0,31.0,70.0,176.44672,332.91833,437.70157,364.381,455.47626,495.39853,566.16974,453.03693
2024-11-08 12:00:00+00:00,5.374,7.824,8.477,8.077,10.026999,9.464999,8.514999,11.589,100.0,100.0,100.0,94.0,33.0,30.0,27.0,64.0,520.1244,338.22296,357.31415,277.65814,496.14322,535.2876,428.68372,740.6541
2024-11-08 13:00:00+00:00,5.974,8.024,8.627,8.427,10.276999,10.115,9.365,11.238999,86.0,100.0,66.0,48.0,26.0,25.0,18.0,67.0,249.4395,68.206116,283.45016,369.26535,509.6902,591.61975,505.9906,724.9359
2024-11-08 14:00:00+00:00,6.524,8.124,8.577,8.377,10.127,10.214999,9.665,10.139,69.0,100.0,55.0,36.0,19.0,19.0,9.0,71.0,254.75691,73.40453,387.16205,428.64368,487.40936,618.45074,570.0803,671.30194
2024-11-08 15:00:00+00:00,4.174,7.774,8.027,7.8269997,9.727,9.714999,9.315,8.988999,100.0,100.0,99.0,16.0,12.0,14.0,0.0,74.0,143.58897,51.504738,249.86327,262.35645,437.2607,582.8211,564.0204,584.7955
2024-11-08 16:00:00+00:00,3.874,7.524,6.777,6.8269997,8.977,8.264999,7.8650002,7.839,100.0,100.0,39.0,67.0,30.0,19.0,0.0,75.0,0.0,0.0,12.587704,25.175407,151.05244,202.4666,202.4666,188.35803
2024-11-08 17:00:00+00:00,3.674,7.224,5.927,5.927,7.9769998,6.215,5.765,6.539,100.0,100.0,57.0,51.0,48.0,25.0,0.0,77.0,0.0,0.0,0.0,0.0,0.0,0.0,0.0,0.0
2024-11-08 18:00:00+00:00,3.324,5.774,6.127,5.677,6.127,4.465,4.1150002,5.939,100.0,100.0,100.0,76.0,6.0,30.0,0.0,8.0,0.0,0.0,0.0,0.0,0.0,0.0,0.0,0.0
2024-11-08 19:00:00+00:00,3.374,5.674,5.677,5.177,5.7269998,3.415,3.515,5.339,100.0,100.0,99.0,82.0,7.0,46.0,27.0,14.0,0.0,0.0,0.0,0.0,0.0,0.0,0.0,0.0
2024-11-08 20:00:00+00:00,3.674,5.774,5.4769998,5.027,5.627,2.7150002,3.365,4.989,100.0,100.0,92.0,84.0,9.0,62.0,53.0,20.0,0.0,0.0,0.0,0.0,0.0,0.0,0.0,0.0
2024-11-08 21:00:00+00:00,3.624,5.824,5.377,4.927,5.3269997,2.265,2.9650002,4.739,100.0,100.0,94.0,87.0,10.0,78.0,80.0,26.0,0.0,0.0,0.0,0.0,0.0,0.0,0.0,0.0
2024-11-08 22:00:00+00:00,3.074,5.874,5.2269998,4.677,4.677,2.165,1.865,4.439,100.0,100.0,97.0,91.0,34.0,81.0,87.0,51.0,0.0,0.0,0.0,0.0,0.0,0.0,0.0,0.0
2024-11-08 23:00:00+00:00,2.724,5.924,5.0769997,4.5769997,3.877,2.265,0.515,4.239,100.0,100.0,95.0,88.0,57.0,83.0,93.0,75.0,0.0,0.0,0.0,0.0,0.0,0.0,0.0,0.0
2024-11-09 00:00:00+00:00,3.424,5.224,4.927,4.277,3.477,2.2150002,1.615,4.789,100.0,100.0,87.0,99.0,78.0,78.0,100.0,12.0,0.0,0.0,0.0,0.0,0.0,0.0,0.0,0.0
2024-11-09 01:00:00+00:00,3.624,5.124,4.4769998,4.077,2.977,1.5150001,1.165,4.539,100.0,100.0,99.0,100.0,84.0,85.0,100.0,14.0,0.0,0.0,0.0,0.0,0.0,0.0,0.0,0.0
2024-11-09 02:00:00+00:00,3.624,4.874,3.8270001,4.127,2.377,0.465,0.615,4.289,100.0,99.0,100.0,100.0,90.0,93.0,100.0,15.0,0.0,0.0,0.0,0.0,0.0,0.0,0.0,0.0
2024-11-09 03:00:00+00:00,2.924,3.324,3.677,4.027,1.9269999,-0.335,0.265,4.039,100.0,100.0,100.0,100.0,96.0,100.0,100.0,17.0,0.0,0.0,0.0,0.0,0.0,0.0,0.0,0.0
2024-11-09 04:00:00+00:00,2.474,3.524,3.7770002,4.077,1.527,-0.685,0.315,3.589,100.0,100.0,100.0,100.0,97.0,100.0,100.0,15.0,0.0,0.0,0.0,0.0,0.0,0.0,0.0,0.0
2024-11-09 05:00:00+00:00,2.474,3.574,3.2770002,3.977,1.177,-0.785,0.615,3.1890001,100.0,100.0,96.0,100.0,99.0,100.0,100.0,14.0,0.0,0.0,0.0,0.0,0.0,0.0,0.0,0.0
2024-11-09 06:00:00+00:00,2.224,3.874,4.7269998,3.127,3.377,-0.485,1.065,4.139,100.0,100.0,100.0,100.0,100.0,100.0,100.0,39.0,0.0,0.0,0.0,0.0,0.0,0.0,0.0,0.0
2024-11-09 07:00:00+00:00,2.824,4.224,4.9769998,3.477,3.7770002,0.265,1.665,5.439,100.0,100.0,100.0,100.0,99.0,100.0,100.0,33.0,10.978706,0.0,35.214645,0.0,17.607323,199.70427,112.87633,365.71176
2024-11-09 08:00:00+00:00,3.724,5.274,6.127,4.527,4.327,1.415,2.365,7.439,100.0,100.0,100.0,99.0,98.0,100.0,100.0,27.0,63.2196,19.191664,181.06712,81.48021,13.580034,276.8238,151.80661,514.63416
2024-11-09 09:00:00+00:00,3.224,5.674,7.277,5.777,5.277,2.9650002,3.365,9.188999,100.0,100.0,100.0,98.0,97.0,100.0,100.0,21.0,122.24732,68.57777,286.70758,179.19223,41.81152,299.0561,168.77423,527.42737
2024-11-09 10:00:00+00:00,4.074,6.474,8.027,7.377,6.877,5.215,4.815,10.539,99.0,100.0,95.0,86.0,82.0,67.0,80.0,19.0,97.07655,53.998833,240.57469,340.20663,148.2329,383.98593,227.01054,589.1932
2024-11-09 11:00:00+00:00,5.624,7.574,8.927,8.877,8.877,7.8650002,6.515,11.688999,79.0,73.0,98.0,94.0,67.0,33.0,59.0,17.0,377.63092,280.14163,300.63788,524.9945,296.15073,502.44824,310.40137,669.4209
2024-11-09 12:00:00+00:00,4.624,8.224,8.927,9.227,10.627,8.714999,8.464999,12.089,88.0,40.0,71.0,53.0,100.0,53.0,64.0,8.0,603.86816,488.4903,363.12262,399.89453,501.01727,460.3585,430.58408,766.1802
2024-11-09 13:00:00+00:00,5.124,8.974,9.227,9.427,10.827,9.365,9.115,11.589,50.0,84.0,81.0,68.0,100.0,39.0,43.0,5.0,424.17728,604.7481,394.30084,454.7603,404.81555,508.83548,490.47543,769.3891
2024-11-09 14:00:00+00:00,5.574,8.974,9.177,9.227,10.577,9.665,9.264999,10.339,17.0,100.0,96.0,97.0,100.0,24.0,21.0,3.0,524.39624,487.6272,371.46356,339.9242,252.31487,539.37695,535.8745,736.31537
2024-11-09 15:00:00+00:00,3.274,8.524,8.677,8.727,10.227,9.214999,8.764999,8.938999,100.0,60.0,99.0,99.0,100.0,10.0,0.0,0.0,354.64624,263.5884,172.6337,140.66449,127.876816,513.1788,519.5935,668.5262
2024-11-09 16:00:00+00:00,2.824,7.374,7.677,7.8269997,9.776999,7.465,7.1150002,7.539,54.0,99.0,93.0,91.0,100.0,19.0,16.0,2.0,22.528429,22.528429,12.876514,0.0,25.753029,168.2822,181.22699,231.20052
2024-11-09 17:00:00+00:00,2.324,6.374,6.877,7.0769997,9.227,5.015,4.765,6.089,41.0,100.0,94.0,93.0,100.0,29.0,32.0,5.0,0.0,0.0,0.0,0.0,0.0,0.0,0.0,0.0
2024-11-09 18:00:00+00:00,2.024,4.924,6.177,6.5769997,5.027,3.065,2.915,7.289,96.0,100.0,99.0,100.0,74.0,38.0,48.0,100.0,0.0,0.0,0.0,0.0,0.0,0.0,0.0,0.0
2024-11-09 19:00:00+00:00,2.074,4.024,5.927,6.127,4.7269998,2.2150002,2.165,6.889,85.0,98.0,92.0,97.0,78.0,51.0,52.0,100.0,0.0,0.0,0.0,0.0,0.0,0.0,0.0,0.0
2024-11-09 20:00:00+00:00,2.274,2.974,5.5769997,6.177,4.7269998,1.915,1.865,6.589,94.0,47.0,90.0,100.0,81.0,64.0,55.0,100.0,0.0,0.0,0.0,0.0,0.0,0.0,0.0,0.0
2024-11-09 21:00:00+00:00,2.024,2.724,5.3269997,5.8269997,4.627,1.7650001,1.665,6.389,100.0,0.0,84.0,100.0,85.0,77.0,59.0,100.0,0.0,0.0,0.0,0.0,0.0,0.0,0.0,0.0
2024-11-09 22:00:00+00:00,1.824,1.974,4.9769998,5.427,4.277,1.915,1.365,6.189,100.0,100.0,91.0,96.0,88.0,79.0,73.0,100.0,0.0,0.0,0.0,0.0,0.0,0.0,0.0,0.0
2024-11-09 23:00:00+00:00,1.674,2.274,4.7269998,4.927,3.8270001,2.2150002,1.115,6.039,100.0,100.0,90.0,96.0,92.0,82.0,86.0,100.0,0.0,0.0,0.0,0.0,0.0,0.0,0.0,0.0
2024-11-10 00:00:00+00:00,1.624,2.474,3.627,4.177,4.677,0.465,0.16499999,3.739,100.0,100.0,95.0,96.0,56.0,100.0,68.0,2.0,0.0,0.0,0.0,0.0,0.0,0.0,0.0,0.0
2024-11-10 01:00:00+00:00,1.674,2.624,2.977,3.8270001,4.127,0.365,0.265,3.4390001,100.0,100.0,98.0,99.0,70.0,95.0,65.0,2.0,0.0,0.0,0.0,0.0,0.0,0.0,0.0,0.0
2024-11-10 02:00:00+00:00,1.324,2.474,2.427,3.377,3.5770001,0.215,0.465,3.239,100.0,100.0,99.0,100.0,83.0,90.0,61.0,2.0,0.0,0.0,0.0,0.0,0.0,0.0,0.0,0.0
2024-11-10 03:00:00+00:00,0.174,1.224,2.127,2.627,3.177,0.065,0.565,2.989,100.0,100.0,100.0,100.0,97.0,85.0,58.0,2.0,0.0,0.0,0.0,0.0,0.0,0.0,0.0,0.0
2024-11-10 04:00:00+00:00,0.524,1.174,2.227,2.5270002,2.877,-0.485,0.265,2.539,100.0,100.0,99.0,100.0,98.0,82.0,63.0,2.0,0.0,0.0,0.0,0.0,0.0,0.0,0.0,0.0
2024-11-10 05:00:00+00:00,0.67399997,1.374,2.027,2.677,2.677,-1.135,-0.135,2.089,100.0,100.0,100.0,100.0,99.0,79.0,67.0,2.0,0.0,0.0,0.0,0.0,0.0,0.0,0.0,0.0
2024-11-10 06:00:00+00:00,0.87399995,1.124,1.577,4.027,2.477,-0.785,0.065,3.389,100.0,100.0,100.0,100.0,100.0,76.0,72.0,65.0,0.0,0.0,0.0,0.0,0.0,0.0,0.0,0.0
2024-11-10 07:00:00+00:00,0.92399997,1.5239999,1.977,4.277,2.877,1.315,1.165,4.739,100.0,100.0,99.0,100.0,100.0,61.0,48.0,65.0,4.4743104,2.2371552,53.82094,62.791092,134.55234,327.25342,336.0981,337.0644
2024-11-10 08:00:00+00:00,1.2739999,2.224,2.877,5.527,3.477,4.415,2.815,6.689,100.0,100.0,98.0,96.0,99.0,46.0,24.0,65.0,16.110033,5.7535834,198.4156,189.18697,203.02992,477.7573,486.85742,501.6659
2024-11-10 09:00:00+00:00,1.624,3.374,3.927,6.927,4.327,6.915,4.765,8.488999,100.0,100.0,99.0,89.0,99.0,31.0,0.0,65.0,40.02054,22.653135,269.26514,281.36694,217.83246,485.86438,503.85934,510.22607
2024-11-10 10:00:00+00:00,2.424,4.074,5.377,7.877,5.627,8.315,7.265,9.938999,100.0,100.0,89.0,82.0,85.0,33.0,0.0,68.0,41.0845,44.76371,351.20984,358.57785,267.70538,529.61505,585.7494,551.5146
2024-11-10 11:00:00+00:00,3.574,5.224,6.627,8.727,7.127,9.165,10.065,11.238999,100.0,91.0,58.0,67.0,70.0,34.0,0.0,70.0,93.916824,161.8085,473.49857,414.59442,339.8315,586.26025,692.2381,603.8336
2024-11-10 12:00:00+00:00,3.074,6.074,7.4769998,8.577,9.526999,12.065,9.764999,11.488999,100.0,63.0,41.0,29.0,43.0,95.0,2.0,69.0,335.03455,383.14502,556.99097,529.1414,480.40472,154.95103,677.6217,632.77606
2024-11-10 13:00:00+00:00,3.574,6.924,8.127,9.127,9.776999,12.315,10.764999,11.089,100.0,0.0,18.0,29.0,31.0,91.0,1.0,57.0,42.47761,540.2621,682.8738,624.41766,526.1051,174.97298,713.1474,653.33624
2024-11-10 14:00:00+00:00,3.974,7.224,8.277,9.077,9.677,12.165,10.964999,10.039,100.0,7.0,7.0,6.0,19.0,87.0,1.0,44.0,50.584026,570.6233,635.8809,579.0424,550.62317,202.36847,699.4138,640.2289
2024-11-10 15:00:00+00:00,2.724,7.024,7.627,8.526999,9.276999,11.565,10.464999,8.889,100.0,11.0,9.0,7.0,7.0,83.0,0.0,32.0,103.018326,361.38174,425.42044,418.87552,523.59436,196.99278,630.37695,586.4683
2024-11-10 16:00:00+00:00,2.924,6.024,6.427,7.2269998,8.377,10.315,8.865,7.789,100.0,28.0,12.0,1.0,10.0,85.0,0.0,55.0,0.0,29.630428,39.5186,39.5186,171.24725,66.21078,198.63234,197.06378
2024-11-10 17:00:00+00:00,2.724,5.374,5.4769998,5.877,7.127,8.615,6.565,6.589,79.0,23.0,36.0,15.0,13.0,87.0,0.0,77.0,0.0,0.0,0.0,0.0,0.0,0.0,0.0,0.0
2024-11-10 18:00:00+00:00,2.124,4.524,3.927,5.777,5.627,7.265,4.465,3.789,100.0,10.0,38.0,4.0,19.0,89.0,0.0,82.0,0.0,0.0,0.0,0.0,0.0,0.0,0.0,0.0
2024-11-10 19:00:00+00:00,1.924,3.374,3.177,5.277,5.127,6.465,2.915,3.389,100.0,71.0,29.0,18.0,23.0,90.0,22.0,88.0,0.0,0.0,0.0,0.0,0.0,0.0,0.0,0.0
2024-11-10 20:00:00+00:00,1.974,2.524,2.977,4.8269997,4.927,5.965,1.615,3.389,100.0,84.0,40.0,26.0,26.0,90.0,44.0,94.0,0.0,0.0,0.0,0.0,0.0,0.0,0.0,0.0
2024-11-10 21:00:00+00:00,1.974,2.824,2.927,4.527,4.5769997,5.815,0.665,3.289,100.0,86.0,41.0,30.0,30.0,91.0,66.0,100.0,0.0,0.0,0.0,0.0,0.0,0.0,0.0,0.0
2024-11-10 22:00:00+00:00,2.074,2.824,2.677,4.277,3.8270001,6.165,0.16499999,2.9390001,100.0,94.0,40.0,34.0,44.0,94.0,66.0,84.0,0.0,0.0,0.0,0.0,0.0,0.0,0.0,0.0
2024-11-10 23:00:00+00:00,2.374,3.174,2.377,3.877,2.927,6.8650002,-0.035000004,2.539,100.0,100.0,76.0,25.0,58.0,97.0,67.0,68.0,0.0,0.0,0.0,0.0,0.0,0.0,0.0,0.0
2024-11-11 00:00:00+00:00,2.424,1.674,1.877,1.877,2.477,4.215,-0.435,2.039,100.0,91.0,92.0,59.0,59.0,100.0,63.0,6.0,0.0,0.0,0.0,0.0,0.0,0.0,0.0,0.0
2024-11-11 01:00:00+00:00,2.424,1.424,1.227,1.327,1.977,3.865,-0.635,1.789,100.0,90.0,96.0,78.0,59.0,100.0,63.0,6.0,0.0,0.0,0.0,0.0,0.0,0.0,0.0,0.0
2024-11-11 02:00:00+00:00,2.524,1.674,0.777,0.727,1.577,3.515,-0.835,1.539,100.0,93.0,92.0,78.0,59.0,100.0,62.0,6.0,0.0,0.0,0.0,0.0,0.0,0.0,0.0,0.0
2024-11-11 03:00:00+00:00,2.474,1.674,0.477,0.477,1.177,3.315,-1.0350001,1.339,100.0,100.0,92.0,78.0,59.0,100.0,62.0,6.0,0.0,0.0,0.0,0.0,0.0,0.0,0.0,0.0
2024-11-11 04:00:00+00:00,2.574,1.824,0.227,0.327,0.727,3.065,-1.4849999,0.889,100.0,100.0,91.0,78.0,60.0,100.0,63.0,6.0,0.0,0.0,0.0,0.0,0.0,0.0,0.0,0.0
2024-11-11 05:00:00+00:00,2.674,1.974,0.02700001,0.227,0.327,2.9650002,-1.885,0.389,100.0,100.0,84.0,78.0,61.0,100.0,65.0,6.0,0.0,0.0,0.0,0.0,0.0,0.0,0.0,0.0
2024-11-11 06:00:00+00:00,2.774,2.424,0.327,-0.17300001,0.477,3.265,-1.585,0.23900001,100.0,100.0,78.0,78.0,80.0,100.0,66.0,8.0,0.0,0.0,0.0,0.0,0.0,0.0,0.0,0.0
2024-11-11 07:00:00+00:00,3.024,2.674,0.42700002,0.42700002,0.92700005,4.315,-0.035000004,1.839,100.0,100.0,85.0,72.0,77.0,98.0,44.0,8.0,0.0,9.120139,91.42492,109.7099,146.27986,27.03664,360.48853,397.69507
2024-11-11 08:00:00+00:00,3.424,3.224,1.077,1.627,1.877,5.815,2.265,4.239,100.0,78.0,92.0,56.0,73.0,97.0,22.0,8.0,18.772905,129.06372,282.30887,348.18094,221.14195,32.4681,538.0428,604.3964
2024-11-11 09:00:00+00:00,3.824,4.074,2.477,3.8270001,3.127,7.265,4.465,6.389,100.0,71.0,89.0,16.0,70.0,95.0,0.0,8.0,47.430534,300.64838,383.15115,582.3898,251.34715,54.687504,552.9514,617.20233
2024-11-11 10:00:00+00:00,4.424,4.624,4.327,5.777,5.0769997,8.615,6.515,8.139,100.0,76.0,50.0,4.0,47.0,96.0,0.0,14.0,59.497833,314.22293,501.43646,727.3311,377.3185,133.1969,621.5856,670.8351
2024-11-11 11:00:00+00:00,4.974,5.274,5.7269998,7.027,7.427,9.865,8.514999,9.589,100.0,87.0,34.0,3.0,23.0,97.0,0.0,21.0,107.40453,302.78937,610.8279,743.5171,546.77106,241.34195,714.91864,743.93713
2024-11-11 12:00:00+00:00,4.374,5.324,5.177,6.3269997,7.2269998,8.964999,9.615,10.339,100.0,74.0,82.0,30.0,21.0,0.0,91.0,27.0,256.95114,341.8211,419.4882,555.41174,510.88507,726.2537,44.369198,783.50323
2024-11-11 13:00:00+00:00,4.474,5.574,5.527,6.7269998,7.677,9.815,9.815,9.938999,100.0,65.0,77.0,18.0,23.0,33.0,87.0,22.0,55.680218,277.73026,402.8534,577.42316,563.99475,750.2643,66.987885,777.94965
2024-11-11 14:00:00+00:00,4.824,5.724,5.5769997,6.5769997,7.627,9.964999,9.865,8.839,100.0,68.0,70.0,48.0,26.0,67.0,84.0,17.0,52.17242,247.36923,360.08456,522.1226,597.74036,716.11914,89.964714,742.1131
2024-11-11 15:00:00+00:00,4.574,5.374,5.0769997,5.927,7.2269998,9.464999,9.464999,7.589,100.0,83.0,61.0,52.0,28.0,100.0,80.0,12.0,10.043058,155.66742,247.89034,308.188,576.17755,625.13007,100.82743,666.9352
2024-11-11 16:00:00+00:00,4.124,4.874,4.2269998,4.5769997,6.3269997,8.065,8.214999,6.289,100.0,90.0,66.0,60.0,44.0,93.0,75.0,13.0,0.0,3.3672886,13.473141,26.946281,188.62396,176.12688,27.096441,228.402
2024-11-11 17:00:00+00:00,3.874,4.474,3.377,3.227,5.127,5.965,6.465,4.889,100.0,100.0,75.0,67.0,59.0,86.0,70.0,13.0,0.0,0.0,0.0,0.0,0.0,0.0,0.0,0.0
2024-11-11 18:00:00+00:00,3.674,4.374,2.5270002,3.0770001,4.327,4.065,5.065,4.239,100.0,100.0,75.0,87.0,12.0,79.0,65.0,100.0,0.0,0.0,0.0,0.0,0.0,0.0,0.0,0.0
2024-11-11 19:00:00+00:00,3.374,4.024,2.0770001,2.7770002,3.727,2.565,4.265,3.739,100.0,100.0,88.0,86.0,13.0,86.0,72.0,100.0,0.0,0.0,0.0,0.0,0.0,0.0,0.0,0.0
2024-11-11 20:00:00+00:00,3.024,3.624,1.9269999,2.427,3.377,1.2149999,3.765,3.4390001,100.0,100.0,84.0,92.0,15.0,93.0,79.0,100.0,0.0,0.0,0.0,0.0,0.0,0.0,0.0,0.0
2024-11-11 21:00:00+00:00,3.074,3.374,1.727,2.3270001,3.0770001,0.265,3.565,3.139,100.0,100.0,83.0,100.0,16.0,100.0,86.0,100.0,0.0,0.0,0.0,0.0,0.0,0.0,0.0,0.0
2024-11-11 22:00:00+00:00,2.924,3.224,1.277,2.277,2.877,-0.135,3.765,2.789,100.0,100.0,93.0,99.0,44.0,100.0,88.0,85.0,0.0,0.0,0.0,0.0,0.0,0.0,0.0,0.0
2024-11-11 23:00:00+00:00,2.724,3.074,1.4269999,1.627,2.727,-0.135,4.215,2.389,100.0,100.0,98.0,98.0,72.0,100.0,91.0,70.0,0.0,0.0,0.0,0.0,0.0,0.0,0.0,0.0
2024-11-12 00:00:00+00:00,2.724,2.824,1.4269999,1.977,1.377,0.014999997,2.615,2.139,100.0,100.0,93.0,82.0,87.0,95.0,85.0,0.0,0.0,0.0,0.0,0.0,0.0,0.0,0.0,0.0
2024-11-12 01:00:00+00:00,2.624,2.674,1.127,1.577,0.92700005,0.014999997,2.9650002,1.939,91.0,95.0,86.0,82.0,91.0,97.0,89.0,2.0,0.0,0.0,0.0,0.0,0.0,0.0,0.0,0.0
2024-11-12 02:00:00+00:00,1.824,2.024,1.027,1.027,0.527,0.065,3.415,1.7390001,74.0,76.0,80.0,82.0,94.0,98.0,93.0,5.0,0.0,0.0,0.0,0.0,0.0,0.0,0.0,0.0
2024-11-12 03:00:00+00:00,2.424,1.674,0.727,0.827,0.227,0.16499999,4.015,1.539,100.0,82.0,85.0,78.0,98.0,100.0,97.0,7.0,0.0,0.0,0.0,0.0,0.0,0.0,0.0,0.0
2024-11-12 04:00:00+00:00,2.524,1.574,0.227,0.577,-0.072999984,0.16499999,4.715,1.139,100.0,78.0,94.0,78.0,98.0,100.0,98.0,14.0,0.0,0.0,0.0,0.0,0.0,0.0,0.0,0.0
2024-11-12 05:00:00+00:00,2.374,1.2739999,-0.072999984,0.377,-0.22300002,0.16499999,5.515,0.73899996,100.0,87.0,95.0,80.0,99.0,100.0,99.0,21.0,0.0,0.0,0.0,0.0,0.0,0.0,0.0,0.0
2024-11-12 06:00:00+00:00,2.674,0.474,0.377,0.377,-0.22300002,0.515,6.315,0.039,100.0,61.0,84.0,78.0,100.0,100.0,100.0,0.0,0.0,0.0,0.0,0.0,0.0,0.0,0.0,0.0
2024-11-12 07:00:00+00:00,2.624,0.424,0.577,0.42700002,0.227,1.365,7.065,1.639,82.0,67.0,68.0,78.0,100.0,100.0,99.0,0.0,23.243895,74.38046,121.17169,74.5672,111.85079,18.37101,9.185505,377.7203
2024-11-12 08:00:00+00:00,2.924,2.124,1.9269999,1.027,1.027,2.515,7.715,4.039,69.0,50.0,47.0,84.0,100.0,100.0,98.0,0.0,189.07898,311.14264,359.9427,263.95795,177.57172,23.6482,14.188919,597.3578
2024-11-12 09:00:00+00:00,3.374,3.624,3.627,1.827,1.977,3.815,8.315,6.189,64.0,53.0,33.0,89.0,100.0,100.0,97.0,0.0,360.42883,439.49063,549.72406,288.83804,186.34714,24.624159,15.390099,609.8943
2024-11-12 10:00:00+00:00,4.174,4.674,4.677,3.0270002,3.227,5.415,8.764999,7.939,100.0,50.0,43.0,90.0,99.0,100.0,97.0,1.0,308.82706,506.77707,647.3368,323.6684,220.79704,27.422352,22.43647,665.5309
2024-11-12 11:00:00+00:00,4.774,5.224,5.4769998,4.527,4.677,7.1150002,9.115,9.438999,71.0,83.0,49.0,88.0,97.0,100.0,97.0,3.0,293.05817,490.35324,635.2894,420.44608,265.66647,32.185513,32.185513,741.981
2024-11-12 12:00:00+00:00,4.524,5.424,5.627,5.677,4.9769998,7.415,9.214999,8.988999,89.0,60.0,64.0,54.0,73.0,43.0,100.0,80.0,314.41702,301.41483,522.96515,511.1334,314.72565,570.60486,143.83014,659.2431
2024-11-12 13:00:00+00:00,4.874,5.724,5.9769998,5.877,5.2269998,7.815,9.315,8.488999,87.0,68.0,57.0,55.0,68.0,62.0,100.0,76.0,242.72816,362.7362,494.0232,496.7376,339.30164,574.107,119.15429,634.9165
2024-11-12 14:00:00+00:00,5.224,5.774,5.9769998,5.8269997,5.277,7.665,8.714999,7.339,74.0,79.0,66.0,65.0,62.0,81.0,100.0,73.0,166.83945,246.15656,481.74838,452.5515,346.71286,536.13544,87.53232,592.23
2024-11-12 15:00:00+00:00,4.724,5.324,5.4769998,5.427,4.9769998,7.065,8.014999,6.189,85.0,76.0,76.0,60.0,57.0,100.0,100.0,69.0,109.65308,123.35972,274.28168,281.13873,315.42395,452.88464,54.895107,511.9398
2024-11-12 16:00:00+00:00,4.024,4.374,4.4769998,4.527,4.177,5.715,7.315,5.189,88.0,91.0,72.0,55.0,71.0,97.0,100.0,70.0,6.911414,6.911414,13.766404,13.766404,96.36482,124.66434,13.851593,164.69402
2024-11-12 17:00:00+00:00,3.274,3.724,3.8270001,3.477,3.0270002,3.915,6.515,4.239,72.0,99.0,71.0,56.0,84.0,94.0,100.0,70.0,0.0,0.0,0.0,0.0,0.0,0.0,0.0,0.0
2024-11-12 18:00:00+00:00,2.724,3.124,2.877,3.127,2.3270001,2.4650002,5.965,3.539,85.0,92.0,62.0,51.0,100.0,91.0,100.0,100.0,0.0,0.0,0.0,0.0,0.0,0.0,0.0,0.0
2024-11-12 19:00:00+00:00,2.574,2.974,2.3270001,2.627,1.977,1.7149999,5.815,2.839,94.0,100.0,63.0,45.0,100.0,94.0,100.0,90.0,0.0,0.0,0.0,0.0,0.0,0.0,0.0,0.0
2024-11-12 20:00:00+00:00,2.424,2.824,2.027,2.227,1.827,1.365,5.8650002,2.239,97.0,100.0,70.0,47.0,100.0,97.0,100.0,80.0,0.0,0.0,0.0,0.0,0.0,0.0,0.0,0.0
2024-11-12 21:00:00+00:00,2.474,2.874,1.777,1.727,1.627,1.115,5.815,1.7390001,76.0,100.0,74.0,56.0,100.0,100.0,100.0,70.0,0.0,0.0,0.0,0.0,0.0,0.0,0.0,0.0
2024-11-12 22:00:00+00:00,2.074,2.624,1.527,1.377,1.327,0.965,5.465,1.439,79.0,100.0,74.0,66.0,100.0,100.0,100.0,80.0,0.0,0.0,0.0,0.0,0.0,0.0,0.0,0.0
2024-11-12 23:00:00+00:00,1.824,2.524,1.4269999,1.177,0.977,0.965,5.065,1.289,83.0,100.0,75.0,76.0,100.0,100.0,100.0,90.0,0.0,0.0,0.0,0.0,0.0,0.0,0.0,0.0
2024-11-13 00:00:00+00:00,1.974,2.124,1.527,1.777,0.527,-0.035000004,3.915,0.33900002,100.0,100.0,87.0,84.0,52.0,94.0,100.0,0.0,0.0,0.0,0.0,0.0,0.0,0.0,0.0,0.0
2024-11-13 01:00:00+00:00,2.074,1.824,1.277,1.377,0.177,-0.135,3.915,0.039,100.0,98.0,80.0,89.0,63.0,96.0,100.0,1.0,0.0,0.0,0.0,0.0,0.0,0.0,0.0,0.0
2024-11-13 02:00:00+00:00,1.924,1.574,0.92700005,0.827,-0.122999996,-0.285,3.9650002,-0.211,91.0,100.0,89.0,93.0,73.0,98.0,100.0,1.0,0.0,0.0,0.0,0.0,0.0,0.0,0.0,0.0
2024-11-13 03:00:00+00:00,2.224,1.324,0.67700005,0.627,-0.423,-0.435,4.065,-0.41099998,99.0,64.0,88.0,99.0,84.0,100.0,100.0,2.0,0.0,0.0,0.0,0.0,0.0,0.0,0.0,0.0
2024-11-13 04:00:00+00:00,2.174,0.974,0.277,0.277,-0.923,-0.785,4.015,-0.611,100.0,76.0,95.0,98.0,87.0,100.0,100.0,29.0,0.0,0.0,0.0,0.0,0.0,0.0,0.0,0.0
2024-11-13 05:00:00+00:00,2.024,0.92399997,0.127,0.377,-1.423,-1.135,3.915,-0.711,100.0,79.0,87.0,86.0,89.0,99.0,100.0,57.0,0.0,0.0,0.0,0.0,0.0,0.0,0.0,0.0
2024-11-13 06:00:00+00:00,2.024,1.424,-0.122999996,-0.423,-0.873,-0.885,4.1150002,4.389,100.0,100.0,82.0,86.0,85.0,99.0,100.0,100.0,0.0,0.0,0.0,0.0,0.0,0.0,0.0,0.0
2024-11-13 07:00:00+00:00,2.024,1.674,-0.072999984,-0.72300005,-0.523,0.365,4.815,4.539,100.0,100.0,84.0,90.0,82.0,90.0,100.0,100.0,2.3702571,0.0,76.04172,76.04172,142.57822,140.46895,9.364596,18.785446
2024-11-13 08:00:00+00:00,2.324,2.224,1.227,0.127,0.07699999,2.165,5.815,4.689,100.0,100.0,79.0,96.0,80.0,80.0,100.0,100.0,25.639273,48.83671,288.90054,235.03773,230.14111,231.55795,19.296497,29.01503
2024-11-13 09:00:00+00:00,2.774,2.924,2.877,1.627,1.027,3.9650002,6.6150002,4.789,93.0,94.0,87.0,88.0,77.0,71.0,100.0,100.0,15.708346,42.412537,283.24286,261.21286,258.06573,233.89503,24.948803,28.08815
2024-11-13 10:00:00+00:00,3.374,3.924,3.727,3.477,2.627,5.765,7.1150002,4.839,100.0,72.0,85.0,69.0,53.0,80.0,100.0,100.0,84.843376,286.18808,271.36035,395.62817,370.2674,254.47813,55.43088,32.75036
2024-11-13 11:00:00+00:00,3.674,4.524,4.4769998,4.427,4.5769997,7.515,7.3650002,4.889,100.0,70.0,88.0,51.0,29.0,88.0,100.0,100.0,57.66885,373.97375,331.2449,454.87857,524.85986,283.19666,95.172646,32.472107
2024-11-13 12:00:00+00:00,3.274,4.774,4.677,5.677,5.3269997,7.065,8.514999,7.089,100.0,100.0,72.0,38.0,39.0,99.0,37.0,100.0,136.05522,315.67197,384.67838,594.9374,530.4261,333.28644,673.7147,61.805103
2024-11-13 13:00:00+00:00,3.324,4.974,4.8269997,5.9769998,5.627,7.015,8.815,6.589,87.0,100.0,95.0,41.0,46.0,99.0,34.0,100.0,95.92778,119.224525,323.7003,559.61743,526.6988,276.40344,692.3769,35.493343
2024-11-13 14:00:00+00:00,3.524,5.024,4.777,5.9769998,5.427,6.3650002,8.464999,5.989,100.0,100.0,100.0,50.0,53.0,100.0,31.0,100.0,129.34839,17.554424,136.84877,488.21725,466.02557,170.01605,668.97626,18.408827
2024-11-13 15:00:00+00:00,3.274,4.574,4.677,5.4769998,5.0769997,5.565,7.515,5.339,100.0,100.0,100.0,66.0,60.0,100.0,28.0,100.0,13.880531,17.350664,34.72067,277.76535,374.98322,76.43705,583.7011,6.920212
2024-11-13 16:00:00+00:00,3.224,4.174,4.177,4.527,4.627,4.565,5.515,4.689,100.0,100.0,100.0,68.0,68.0,97.0,48.0,100.0,0.0,0.0,0.0,14.092672,98.64871,14.16918,155.86098,0.0
2024-11-13 17:00:00+00:00,2.674,3.574,3.7770002,3.727,3.977,3.365,2.9650002,4.089,100.0,100.0,100.0,65.0,76.0,95.0,68.0,100.0,0.0,0.0,0.0,0.0,0.0,0.0,0.0,0.0
2024-11-13 18:00:00+00:00,2.074,3.524,3.2770002,3.0270002,3.727,2.515,1.115,4.639,100.0,100.0,100.0,93.0,100.0,92.0,88.0,100.0,0.0,0.0,0.0,0.0,0.0,0.0,0.0,0.0
2024-11-13 19:00:00+00:00,1.824,3.274,3.0270002,2.627,3.5770001,2.415,0.815,4.439,100.0,100.0,100.0,93.0,100.0,92.0,92.0,100.0,0.0,0.0,0.0,0.0,0.0,0.0,0.0,0.0
2024-11-13 20:00:00+00:00,1.7739999,3.124,2.677,2.377,3.477,2.665,1.2149999,4.289,100.0,100.0,100.0,93.0,100.0,91.0,96.0,100.0,0.0,0.0,0.0,0.0,0.0,0.0,0.0,0.0
2024-11-13 21:00:00+00:00,1.7739999,3.174,2.627,1.877,3.3270001,2.765,1.365,4.189,100.0,100.0,100.0,91.0,100.0,91.0,100.0,100.0,0.0,0.0,0.0,0.0,0.0,0.0,0.0,0.0
2024-11-13 22:00:00+00:00,1.424,2.924,2.477,1.577,3.0770001,2.515,0.715,4.089,100.0,100.0,100.0,95.0,96.0,94.0,100.0,100.0,0.0,0.0,0.0,0.0,0.0,0.0,0.0,0.0
2024-11-13 23:00:00+00:00,1.2739999,2.774,2.277,1.4269999,2.8270001,2.115,-0.185,4.039,100.0,100.0,99.0,91.0,93.0,97.0,100.0,100.0,0.0,0.0,0.0,0.0,0.0,0.0,0.0,0.0
2024-11-14 00:00:00+00:00,1.174,2.624,2.0770001,2.427,1.877,3.665,3.265,4.439,100.0,100.0,100.0,100.0,98.0,100.0,91.0,100.0,0.0,0.0,0.0,0.0,0.0,0.0,0.0,0.0
2024-11-14 01:00:00+00:00,1.224,2.524,1.977,2.3270001,1.877,3.615,2.9650002,4.439,100.0,100.0,100.0,100.0,99.0,100.0,90.0,100.0,0.0,0.0,0.0,0.0,0.0,0.0,0.0,0.0
2024-11-14 02:00:00+00:00,1.2739999,2.374,1.9269999,2.277,1.9269999,3.565,2.615,4.439,100.0,100.0,100.0,100.0,99.0,100.0,89.0,100.0,0.0,0.0,0.0,0.0,0.0,0.0,0.0,0.0
2024-11-14 03:00:00+00:00,1.324,2.274,1.827,2.0770001,1.977,3.4650002,2.365,4.389,100.0,100.0,100.0,100.0,100.0,100.0,88.0,100.0,0.0,0.0,0.0,0.0,0.0,0.0,0.0,0.0
2024-11-14 04:00:00+00:00,1.324,2.174,1.6769999,1.777,1.9269999,3.315,2.315,4.239,100.0,100.0,100.0,99.0,100.0,97.0,92.0,100.0,0.0,0.0,0.0,0.0,0.0,0.0,0.0,0.0
2024-11-14 05:00:00+00:00,1.324,2.124,1.777,1.627,1.827,3.115,2.4650002,4.039,98.0,100.0,100.0,100.0,100.0,95.0,96.0,100.0,0.0,0.0,0.0,0.0,0.0,0.0,0.0,0.0
2024-11-14 06:00:00+00:00,1.2739999,1.624,0.67700005,0.92700005,1.777,3.115,2.765,0.439,93.0,100.0,84.0,96.0,100.0,92.0,100.0,6.0,0.0,0.0,0.0,0.0,0.0,0.0,0.0,0.0
2024-11-14 07:00:00+00:00,1.5239999,1.724,0.92700005,1.377,2.0770001,3.415,3.365,1.939,90.0,93.0,87.0,100.0,99.0,95.0,100.0,37.0,12.088184,9.6705475,48.47863,9.695725,48.47863,9.54948,0.0,153.25798
2024-11-14 08:00:00+00:00,2.024,2.324,2.0770001,2.627,2.5270002,3.9650002,4.1150002,4.089,97.0,100.0,72.0,100.0,97.0,97.0,100.0,69.0,71.019646,33.640884,274.85416,14.992045,84.954926,9.843586,4.921793,251.63113
2024-11-14 09:00:00+00:00,2.724,3.024,3.377,3.7770002,2.977,4.465,4.8650002,6.089,93.0,100.0,61.0,100.0,96.0,100.0,100.0,100.0,132.91626,108.24319,424.1706,51.02804,82.92056,15.799557,9.479734,259.30563
2024-11-14 10:00:00+00:00,3.424,3.624,4.4769998,4.327,3.477,5.015,5.565,7.839,100.0,100.0,48.0,100.0,97.0,96.0,97.0,100.0,173.43097,86.3955,594.70593,41.014202,84.5918,38.197636,30.55811,282.6251
2024-11-14 11:00:00+00:00,3.574,4.274,5.177,4.777,3.977,5.565,6.165,9.389,100.0,100.0,81.0,97.0,98.0,91.0,93.0,100.0,41.172226,47.642147,504.05838,65.95156,87.15028,67.96826,58.59333,316.14957
2024-11-14 12:00:00+00:00,3.474,4.474,5.027,4.377,5.2269998,4.765,5.715,6.089,100.0,100.0,81.0,100.0,70.0,99.0,98.0,100.0,33.73851,30.123669,289.47855,69.95731,383.55905,290.8145,120.17128,103.19399
2024-11-14 13:00:00+00:00,3.524,4.674,5.3269997,4.4769998,5.3269997,4.915,5.765,6.189,100.0,91.0,88.0,100.0,78.0,99.0,99.0,100.0,11.770709,36.004524,291.06735,16.63242,388.08978,240.58258,105.08205,107.59221
2024-11-14 14:00:00+00:00,3.624,4.674,5.377,4.527,5.177,4.765,5.515,6.189,100.0,90.0,82.0,99.0,86.0,100.0,99.0,100.0,10.298022,85.19273,251.10143,33.73004,371.03046,157.2889,78.64445,119.37172
2024-11-14 15:00:00+00:00,3.424,4.374,4.9769998,4.277,4.927,4.415,5.165,5.989,100.0,89.0,79.0,99.0,94.0,100.0,100.0,100.0,5.2703323,42.16266,182.80962,28.124557,316.40128,84.42804,49.249687,126.114876
2024-11-14 16:00:00+00:00,2.924,3.824,4.027,3.627,4.527,3.765,4.715,5.539,87.0,90.0,75.0,98.0,94.0,93.0,100.0,99.0,0.0,3.6014414,14.409261,0.0,86.45557,14.490666,14.490666,43.09687
2024-11-14 17:00:00+00:00,2.424,3.374,3.227,3.127,4.027,2.9650002,4.215,4.939,86.0,96.0,68.0,93.0,94.0,85.0,100.0,97.0,0.0,0.0,0.0,0.0,0.0,0.0,0.0,0.0
2024-11-14 18:00:00+00:00,2.124,2.824,2.5770001,3.127,3.3270001,2.115,3.815,3.139,78.0,91.0,71.0,78.0,96.0,78.0,100.0,36.0,0.0,0.0,0.0,0.0,0.0,0.0,0.0,0.0
2024-11-14 19:00:00+00:00,1.924,2.624,2.3270001,2.877,3.0270002,1.315,3.615,2.539,68.0,89.0,65.0,76.0,97.0,81.0,100.0,49.0,0.0,0.0,0.0,0.0,0.0,0.0,0.0,0.0
2024-11-14 20:00:00+00:00,1.5239999,2.424,1.777,2.5270002,2.927,0.565,3.515,2.239,61.0,87.0,58.0,73.0,97.0,83.0,100.0,61.0,0.0,0.0,0.0,0.0,0.0,0.0,0.0,0.0
2024-11-14 21:00:00+00:00,1.424,2.474,1.227,2.027,2.8270001,-0.035000004,3.415,1.9890001,42.0,68.0,40.0,77.0,98.0,86.0,100.0,74.0,0.0,0.0,0.0,0.0,0.0,0.0,0.0,0.0
2024-11-14 22:00:00+00:00,0.87399995,2.174,1.127,1.577,2.677,-0.385,3.415,1.7390001,25.0,64.0,76.0,67.0,98.0,88.0,100.0,68.0,0.0,0.0,0.0,0.0,0.0,0.0,0.0,0.0
2024-11-14 23:00:00+00:00,0.27400002,1.7739999,1.177,1.4269999,2.5770001,-0.535,3.415,1.539,11.0,36.0,31.0,68.0,97.0,90.0,100.0,63.0,0.0,0.0,0.0,0.0,0.0,0.0,0.0,0.0
2024-11-15 00:00:00+00:00,-1.026,1.374,1.4269999,1.227,0.827,3.015,4.265,2.289,0.0,12.0,41.0,72.0,100.0,100.0,100.0,30.0,0.0,0.0,0.0,0.0,0.0,0.0,0.0,0.0
2024-11-15 01:00:00+00:00,-1.526,1.0239999,1.227,1.027,0.627,2.915,4.265,2.039,55.0,0.0,36.0,63.0,87.0,100.0,100.0,21.0,0.0,0.0,0.0,0.0,0.0,0.0,0.0,0.0
2024-11-15 02:00:00+00:00,-2.576,0.524,1.077,0.727,0.42700002,2.765,4.265,1.839,100.0,0.0,25.0,42.0,73.0,100.0,100.0,11.0,0.0,0.0,0.0,0.0,0.0,0.0,0.0,0.0
2024-11-15 03:00:00+00:00,-3.426,0.374,0.92700005,0.277,0.277,2.665,4.215,1.639,100.0,0.0,24.0,33.0,60.0,100.0,100.0,2.0,0.0,0.0,0.0,0.0,0.0,0.0,0.0,0.0
2024-11-15 04:00:00+00:00,-3.326,-0.22600001,0.727,0.277,0.02700001,2.615,4.1150002,1.2390001,100.0,51.0,24.0,35.0,62.0,100.0,100.0,2.0,0.0,0.0,0.0,0.0,0.0,0.0,0.0,0.0
2024-11-15 05:00:00+00:00,-3.876,-1.2260001,0.577,0.277,-0.122999996,2.565,3.915,0.839,100.0,100.0,17.0,32.0,64.0,100.0,100.0,3.0,0.0,0.0,0.0,0.0,0.0,0.0,0.0,0.0
2024-11-15 06:00:00+00:00,-3.776,-1.626,-0.32299998,0.627,1.477,2.665,3.915,1.139,100.0,100.0,13.0,64.0,100.0,100.0,100.0,0.0,0.0,0.0,0.0,0.0,0.0,0.0,0.0,0.0
2024-11-15 07:00:00+00:00,-3.576,-1.176,-0.423,0.827,1.9269999,2.9650002,4.1150002,2.639,96.0,96.0,13.0,57.0,100.0,100.0,98.0,0.0,32.06488,54.263645,108.81569,89.03101,79.13868,19.480556,19.480556,341.96268
2024-11-15 08:00:00+00:00,-1.2260001,0.124000005,0.577,1.6769999,2.627,3.415,4.415,4.789,0.0,27.0,11.0,43.0,100.0,100.0,96.0,0.0,344.66644,321.77347,448.92557,403.01273,112.23139,30.135895,40.18119,574.01984
2024-11-15 09:00:00+00:00,1.474,1.324,2.3270001,3.177,3.377,3.815,4.765,6.789,1.0,0.0,3.0,16.0,100.0,100.0,94.0,0.0,596.8616,611.3798,627.0218,662.5746,142.21114,32.01902,35.220924,583.18427
2024-11-15 10:00:00+00:00,3.724,3.574,3.877,4.377,4.277,4.215,5.1150002,8.488999,75.0,0.0,2.0,11.0,81.0,100.0,96.0,0.0,688.2339,710.2263,733.23883,717.6931,261.68594,38.605198,33.457836,643.3323
2024-11-15 11:00:00+00:00,5.124,5.174,5.377,5.4769998,5.177,4.565,5.515,9.988999,63.0,0.0,4.0,8.0,62.0,99.0,98.0,0.0,603.3628,748.2649,768.1642,739.6256,423.3227,47.325607,28.395363,721.1292
2024-11-15 12:00:00+00:00,5.874,6.424,6.677,6.3269997,6.027,5.515,5.465,10.188999,52.0,0.0,0.0,0.0,9.0,77.0,58.0,13.0,728.6483,746.8949,769.57513,737.9154,747.65686,351.80756,526.4982,782.5085
2024-11-15 13:00:00+00:00,6.424,7.024,7.127,6.777,6.2269998,5.465,5.6150002,9.589,0.0,0.0,0.0,9.0,18.0,75.0,39.0,11.0,670.9039,702.3853,719.8321,672.21674,731.0357,360.41953,533.6444,780.43695
2024-11-15 14:00:00+00:00,6.524,7.024,7.0769997,6.677,6.027,5.165,5.465,8.139,2.0,0.0,0.0,19.0,26.0,74.0,19.0,8.0,581.40894,602.27515,615.1158,573.34863,679.665,352.84216,515.98425,748.245
2024-11-15 15:00:00+00:00,6.024,6.274,6.177,6.127,5.527,4.6150002,5.015,6.739,61.0,0.0,0.0,51.0,35.0,72.0,0.0,6.0,355.68588,375.2486,384.36688,341.65945,569.43243,299.13525,441.5806,645.39856
2024-11-15 16:00:00+00:00,4.524,5.374,4.627,4.777,4.5769997,3.765,4.165,5.539,0.0,0.0,0.0,68.0,30.0,75.0,10.0,5.0,18.40637,25.768917,14.729667,14.729667,162.02634,74.065834,118.505325,190.87401
2024-11-15 17:00:00+00:00,2.324,3.874,3.7770002,3.427,3.377,2.665,3.015,4.389,9.0,0.0,0.0,77.0,25.0,77.0,20.0,5.0,0.0,0.0,0.0,0.0,0.0,0.0,0.0,0.0
2024-11-15 18:00:00+00:00,0.974,1.924,3.0770001,2.5770001,2.877,1.7650001,2.015,4.789,0.0,0.0,13.0,38.0,33.0,80.0,30.0,12.0,0.0,0.0,0.0,0.0,0.0,0.0,0.0,0.0
2024-11-15 19:00:00+00:00,0.174,1.624,2.877,2.227,2.027,1.2650001,1.415,4.139,0.0,0.0,21.0,50.0,45.0,80.0,21.0,33.0,0.0,0.0,0.0,0.0,0.0,0.0,0.0,0.0
2024-11-15 20:00:00+00:00,0.724,0.92399997,2.727,1.877,1.327,1.015,0.965,3.789,0.0,10.0,31.0,48.0,58.0,79.0,13.0,54.0,0.0,0.0,0.0,0.0,0.0,0.0,0.0,0.0
2024-11-15 21:00:00+00:00,-0.026,0.62399995,2.677,1.6769999,0.877,0.765,0.615,3.489,37.0,4.0,35.0,48.0,70.0,79.0,4.0,75.0,0.0,0.0,0.0,0.0,0.0,0.0,0.0,0.0
2024-11-15 22:00:00+00:00,0.074,0.374,2.677,1.377,0.727,0.465,0.265,3.1890001,11.0,2.0,41.0,47.0,73.0,73.0,24.0,81.0,0.0,0.0,0.0,0.0,0.0,0.0,0.0,0.0
2024-11-15 23:00:00+00:00,-0.526,0.374,2.477,1.127,0.827,0.215,-0.035000004,2.889,67.0,3.0,49.0,46.0,77.0,66.0,45.0,87.0,0.0,0.0,0.0,0.0,0.0,0.0,0.0,0.0
2024-11-16 00:00:00+00:00,-0.326,0.024,1.877,2.627,1.177,1.315,4.415,2.639,72.0,11.0,35.0,9.0,62.0,100.0,99.0,14.0,0.0,0.0,0.0,0.0,0.0,0.0,0.0,0.0
2024-11-16 01:00:00+00:00,-0.076000005,-0.22600001,1.577,2.5270002,1.127,1.065,4.265,2.889,83.0,21.0,33.0,8.0,59.0,100.0,92.0,37.0,0.0,0.0,0.0,0.0,0.0,0.0,0.0,0.0
2024-11-16 02:00:00+00:00,-0.126,-0.426,1.477,2.5270002,0.977,0.965,4.065,3.339,77.0,34.0,38.0,8.0,57.0,100.0,86.0,59.0,0.0,0.0,0.0,0.0,0.0,0.0,0.0,0.0
2024-11-16 03:00:00+00:00,-1.176,-0.976,1.227,2.227,0.877,0.965,3.865,3.539,100.0,41.0,39.0,9.0,54.0,100.0,79.0,82.0,0.0,0.0,0.0,0.0,0.0,0.0,0.0,0.0
2024-11-16 04:00:00+00:00,-1.426,-1.576,0.827,1.877,0.777,1.015,3.565,3.039,100.0,91.0,38.0,9.0,66.0,100.0,77.0,77.0,0.0,0.0,0.0,0.0,0.0,0.0,0.0,0.0
2024-11-16 05:00:00+00:00,-2.026,-1.526,0.527,1.477,0.67700005,1.115,3.265,2.289,100.0,100.0,41.0,9.0,78.0,100.0,76.0,72.0,0.0,0.0,0.0,0.0,0.0,0.0,0.0,0.0
2024-11-16 06:00:00+00:00,-2.226,-2.026,1.227,0.327,0.777,1.315,3.4650002,8.089,100.0,100.0,71.0,45.0,86.0,100.0,74.0,72.0,0.0,0.0,0.0,0.0,0.0,0.0,0.0,0.0
2024-11-16 07:00:00+00:00,-2.376,-2.276,1.377,0.477,1.4269999,1.5150001,4.515,8.589,100.0,100.0,65.0,52.0,86.0,99.0,78.0,81.0,10.067806,27.686466,70.665405,90.85552,131.23576,0.0,99.367004,49.840084
2024-11-16 08:00:00+00:00,-1.576,-0.426,2.477,1.627,2.477,1.7149999,6.015,9.438999,100.0,47.0,47.0,73.0,86.0,99.0,83.0,91.0,37.657673,250.61832,359.41333,354.20444,229.1911,0.0,179.43501,87.376915
2024-11-16 09:00:00+00:00,2.624,1.474,4.677,3.8270001,3.427,2.115,7.3650002,10.289,5.0,10.0,10.0,45.0,86.0,98.0,87.0,100.0,174.92317,537.84784,615.8033,537.19006,242.39064,6.489063,175.2047,90.9158
2024-11-16 10:00:00+00:00,4.824,4.174,6.0769997,5.277,4.327,2.815,8.464999,11.339,4.0,0.0,1.0,32.0,77.0,81.0,91.0,100.0,652.45135,656.3739,722.7678,688.72437,295.9158,33.81369,161.2653,106.628395
2024-11-16 11:00:00+00:00,6.474,5.974,7.127,6.4769998,5.127,3.7150002,9.415,12.389,0.0,4.0,6.0,17.0,69.0,65.0,96.0,100.0,709.2831,707.4844,669.90295,710.72144,364.96506,76.4444,138.55547,128.8941
2024-11-16 12:00:00+00:00,7.924,7.024,7.277,7.427,6.2269998,6.1150002,4.1150002,7.239,0.0,3.0,0.0,6.0,54.0,86.0,100.0,100.0,713.42645,706.05884,671.1414,624.43195,422.84366,271.84738,90.61579,7.3361297
2024-11-16 13:00:00+00:00,8.074,7.574,7.677,7.627,6.277,6.065,4.3650002,7.239,0.0,2.0,1.0,24.0,59.0,87.0,100.0,100.0,668.5969,667.8902,650.8237,565.9337,427.27994,265.3158,50.805153,8.4471
2024-11-16 14:00:00+00:00,7.874,7.624,7.5769997,7.427,5.927,5.715,4.465,7.289,0.0,1.0,0.0,7.0,64.0,87.0,100.0,100.0,567.7931,565.87164,576.92914,488.46664,419.23517,253.63626,23.057842,7.655217
2024-11-16 15:00:00+00:00,7.124,7.024,6.9769998,6.777,5.427,5.215,4.6150002,7.289,0.0,9.0,0.0,0.0,69.0,88.0,100.0,100.0,338.39435,340.19434,353.00644,324.18958,360.21063,209.04324,7.208388,7.17774
2024-11-16 16:00:00+00:00,5.074,5.674,5.877,5.4769998,4.877,4.515,4.915,7.289,0.0,18.0,0.0,0.0,77.0,87.0,95.0,100.0,22.572802,18.810669,15.054187,15.054187,90.32512,45.41854,0.0,15.003033
2024-11-16 17:00:00+00:00,2.874,3.974,4.877,4.127,4.177,3.7150002,5.315,7.339,0.0,24.0,5.0,0.0,85.0,86.0,91.0,100.0,0.0,0.0,0.0,0.0,0.0,0.0,0.0,0.0
2024-11-16 18:00:00+00:00,1.174,2.074,3.927,3.127,2.7770002,2.915,5.715,4.639,0.0,15.0,21.0,15.0,87.0,85.0,86.0,100.0,0.0,0.0,0.0,0.0,0.0,0.0,0.0,0.0
2024-11-16 19:00:00+00:00,0.424,1.374,2.977,2.677,2.5270002,2.2150002,6.215,4.289,79.0,11.0,37.0,42.0,90.0,73.0,91.0,100.0,0.0,0.0,0.0,0.0,0.0,0.0,0.0,0.0
2024-11-16 20:00:00+00:00,0.124000005,0.824,1.9269999,2.0770001,2.5770001,1.565,6.765,4.039,83.0,5.0,48.0,62.0,93.0,62.0,95.0,100.0,0.0,0.0,0.0,0.0,0.0,0.0,0.0,0.0
2024-11-16 21:00:00+00:00,-1.526,-0.176,1.177,1.377,2.5270002,0.965,7.1150002,3.9390001,100.0,100.0,66.0,72.0,96.0,50.0,100.0,100.0,0.0,0.0,0.0,0.0,0.0,0.0,0.0,0.0
2024-11-16 22:00:00+00:00,-1.826,-0.776,0.777,0.877,2.127,0.365,7.1150002,4.239,100.0,100.0,66.0,81.0,93.0,55.0,100.0,100.0,0.0,0.0,0.0,0.0,0.0,0.0,0.0,0.0
2024-11-16 23:00:00+00:00,-1.576,-1.526,0.777,0.577,1.577,-0.185,6.965,4.689,100.0,100.0,55.0,70.0,90.0,61.0,100.0,100.0,0.0,0.0,0.0,0.0,0.0,0.0,0.0,0.0
2024-11-17 00:00:00+00:00,-1.926,-0.726,1.477,0.727,0.777,-0.685,2.115,-0.061,100.0,100.0,46.0,66.0,13.0,81.0,99.0,0.0,0.0,0.0,0.0,0.0,0.0,0.0,0.0,0.0
2024-11-17 01:00:00+00:00,-2.326,-0.776,1.377,0.577,0.777,-0.885,2.165,-0.111,100.0,100.0,47.0,74.0,13.0,77.0,98.0,1.0,0.0,0.0,0.0,0.0,0.0,0.0,0.0,0.0
2024-11-17 02:00:00+00:00,-2.226,-1.326,0.92700005,0.177,0.827,-1.085,2.365,-0.161,100.0,100.0,51.0,83.0,13.0,72.0,98.0,1.0,0.0,0.0,0.0,0.0,0.0,0.0,0.0,0.0
2024-11-17 03:00:00+00:00,-2.176,-0.82600003,0.727,-0.22300002,0.827,-1.185,2.4650002,-0.111,100.0,100.0,33.0,83.0,13.0,68.0,97.0,2.0,0.0,0.0,0.0,0.0,0.0,0.0,0.0,0.0
2024-11-17 04:00:00+00:00,-2.076,-0.926,0.527,-0.32299998,0.627,-1.2850001,2.415,-0.161,100.0,100.0,16.0,78.0,13.0,77.0,95.0,17.0,0.0,0.0,0.0,0.0,0.0,0.0,0.0,0.0
2024-11-17 05:00:00+00:00,-2.126,-1.326,0.07699999,-0.373,0.42700002,-1.335,2.365,-0.211,100.0,100.0,46.0,78.0,13.0,87.0,94.0,33.0,0.0,0.0,0.0,0.0,0.0,0.0,0.0,0.0
2024-11-17 06:00:00+00:00,-2.526,-1.9760001,-0.27299997,-0.27299997,0.07699999,-0.935,2.4650002,0.089,100.0,100.0,13.0,78.0,79.0,96.0,92.0,5.0,0.0,0.0,0.0,0.0,0.0,0.0,0.0,0.0
2024-11-17 07:00:00+00:00,-2.726,-1.7260001,-0.122999996,-0.023000002,0.577,0.215,2.915,1.639,100.0,100.0,13.0,64.0,74.0,97.0,95.0,22.0,0.0,5.1377025,103.03848,82.430786,206.07697,50.695164,10.139032,294.97192
2024-11-17 08:00:00+00:00,-2.476,-1.326,0.67700005,0.577,1.377,1.815,3.515,3.889,100.0,100.0,13.0,69.0,70.0,99.0,97.0,40.0,31.826082,27.847822,430.8979,340.46255,361.74146,88.97756,10.467948,503.76913
2024-11-17 09:00:00+00:00,-1.276,-0.076000005,2.477,2.377,2.5270002,3.415,4.1150002,6.139,100.0,100.0,21.0,30.0,65.0,100.0,100.0,57.0,54.672855,78.69578,580.9362,527.8221,385.07773,101.92008,9.863234,519.86115
2024-11-17 10:00:00+00:00,1.224,2.524,4.277,4.377,4.427,4.915,4.665,8.438999,58.0,0.0,6.0,0.0,48.0,82.0,98.0,41.0,271.5574,346.21918,674.90027,693.42694,492.28018,152.45815,7.885766,583.46436
2024-11-17 11:00:00+00:00,4.524,5.774,6.2269998,6.7269998,6.677,6.3650002,5.1150002,10.738999,0.0,0.0,0.0,1.0,31.0,64.0,96.0,25.0,686.9828,702.11456,756.28156,778.0974,637.5066,221.85945,4.823032,674.6652
2024-11-17 12:00:00+00:00,6.824,7.824,8.377,8.526999,8.177,7.215,8.065,11.938999,0.0,0.0,0.0,5.0,0.0,74.0,100.0,87.0,736.81555,741.15344,764.26056,766.7419,749.3723,358.41574,353.47208,570.1234
2024-11-17 13:00:00+00:00,8.274,9.074,9.327,9.327,8.827,7.8650002,8.415,11.238999,0.0,0.0,2.0,14.0,4.0,73.0,100.0,89.0,697.484,702.4813,711.7169,694.56714,754.59143,356.36658,253.73302,565.9544
2024-11-17 14:00:00+00:00,8.474,9.124,9.377,9.327,8.827,8.065,8.214999,9.488999,0.0,0.0,0.0,20.0,9.0,73.0,100.0,90.0,600.3175,602.2634,603.75854,584.2825,720.61505,330.80164,128.42886,523.26483
2024-11-17 15:00:00+00:00,7.474,7.674,8.327,8.427,8.277,8.065,7.915,7.789,0.0,0.0,0.0,80.0,13.0,72.0,100.0,92.0,358.80432,364.26834,371.7827,335.33344,597.76825,262.57858,36.469246,435.75085
2024-11-17 16:00:00+00:00,5.924,6.274,6.4769998,6.627,6.877,7.965,7.6150002,6.439,0.0,0.0,28.0,20.0,12.0,72.0,99.0,84.0,23.060528,19.217106,15.379967,15.379967,138.41971,61.8731,0.0,122.60749
2024-11-17 17:00:00+00:00,3.674,4.824,4.627,4.777,4.9769998,7.665,7.265,5.189,0.0,0.0,73.0,25.0,12.0,71.0,99.0,75.0,0.0,0.0,0.0,0.0,0.0,0.0,0.0,0.0
2024-11-17 18:00:00+00:00,2.324,2.574,3.227,3.727,4.377,7.315,6.965,6.139,17.0,4.0,11.0,42.0,48.0,71.0,98.0,100.0,0.0,0.0,0.0,0.0,0.0,0.0,0.0,0.0
2024-11-17 19:00:00+00:00,1.374,1.5239999,1.9269999,3.0270002,3.977,6.915,6.765,6.439,100.0,93.0,45.0,30.0,57.0,79.0,98.0,100.0,0.0,0.0,0.0,0.0,0.0,0.0,0.0,0.0
2024-11-17 20:00:00+00:00,0.424,0.87399995,1.477,2.5770001,3.8270001,6.415,6.665,6.789,93.0,95.0,77.0,23.0,66.0,86.0,99.0,100.0,0.0,0.0,0.0,0.0,0.0,0.0,0.0,0.0
2024-11-17 21:00:00+00:00,0.27400002,0.27400002,1.277,2.277,3.7770002,5.965,6.665,7.039,91.0,91.0,46.0,26.0,75.0,94.0,99.0,100.0,0.0,0.0,0.0,0.0,0.0,0.0,0.0,0.0
2024-11-17 22:00:00+00:00,-0.326,-0.326,1.227,2.5770001,3.8270001,5.565,6.815,7.139,88.0,88.0,46.0,9.0,83.0,87.0,99.0,99.0,0.0,0.0,0.0,0.0,0.0,0.0,0.0,0.0
2024-11-17 23:00:00+00:00,-0.47599998,-0.47599998,1.177,2.0770001,3.977,5.215,7.1150002,7.139,82.0,82.0,50.0,97.0,92.0,81.0,100.0,98.0,0.0,0.0,0.0,0.0,0.0,0.0,0.0,0.0
2024-11-18 00:00:00+00:00,-0.62600005,-0.62600005,1.327,1.277,5.8269997,4.6150002,4.265,7.189,62.0,62.0,34.0,45.0,99.0,79.0,99.0,100.0,0.0,0.0,0.0,0.0,0.0,0.0,0.0,0.0
2024-11-18 01:00:00+00:00,-0.926,-0.926,1.327,1.477,5.677,4.765,4.1150002,7.389,66.0,66.0,29.0,85.0,95.0,77.0,99.0,100.0,0.0,0.0,0.0,0.0,0.0,0.0,0.0,0.0
2024-11-18 02:00:00+00:00,-1.276,-1.276,1.377,2.227,5.427,4.965,4.065,7.489,61.0,61.0,47.0,100.0,92.0,74.0,100.0,100.0,0.0,0.0,0.0,0.0,0.0,0.0,0.0,0.0
2024-11-18 03:00:00+00:00,-1.376,-1.376,1.727,2.427,5.2269998,5.265,4.065,7.489,85.0,85.0,24.0,100.0,88.0,72.0,100.0,100.0,0.0,0.0,0.0,0.0,0.0,0.0,0.0,0.0
2024-11-18 04:00:00+00:00,-1.776,-1.776,1.577,2.727,5.0769997,5.565,4.165,7.339,97.0,97.0,93.0,100.0,88.0,80.0,100.0,98.0,0.0,0.0,0.0,0.0,0.0,0.0,0.0,0.0
2024-11-18 05:00:00+00:00,-1.826,-1.826,1.777,2.027,4.9769998,5.915,4.3650002,7.089,99.0,99.0,79.0,100.0,87.0,87.0,99.0,96.0,0.0,0.0,0.0,0.0,0.0,0.0,0.0,0.0
2024-11-18 06:00:00+00:00,-1.926,-1.926,2.177,0.977,2.877,6.515,4.715,11.889,100.0,100.0,81.0,13.0,35.0,95.0,99.0,90.0,0.0,0.0,0.0,0.0,0.0,0.0,0.0,0.0
2024-11-18 07:00:00+00:00,-2.476,-2.476,2.5270002,0.877,3.377,7.465,5.165,11.839,100.0,100.0,94.0,14.0,41.0,90.0,99.0,93.0,15.733475,15.733475,42.074738,84.149475,273.48578,93.12322,20.69405,20.761225
2024-11-18 08:00:00+00:00,0.024,0.024,3.7770002,1.577,4.177,8.714999,5.765,11.738999,0.0,0.0,100.0,13.0,46.0,85.0,98.0,97.0,297.98196,297.98196,282.56326,434.71268,483.61786,160.33197,32.066395,26.792862
2024-11-18 09:00:00+00:00,3.224,3.224,4.877,3.677,4.9769998,9.964999,6.415,11.589,0.0,0.0,100.0,31.0,52.0,80.0,98.0,100.0,601.9145,601.9145,333.0621,595.4747,494.54675,173.23686,33.31478,30.006495
2024-11-18 10:00:00+00:00,5.724,5.724,6.4769998,5.277,5.877,11.415,7.215,11.488999,0.0,0.0,100.0,55.0,51.0,81.0,96.0,100.0,717.1293,717.1293,347.71524,668.68317,542.9707,209.84291,37.18735,29.21444
2024-11-18 11:00:00+00:00,7.824,7.824,7.377,6.527,6.777,12.865,8.115,11.339,20.0,20.0,100.0,100.0,51.0,83.0,93.0,100.0,752.7205,752.7205,237.34479,506.4987,604.3728,262.88516,41.38007,29.185055
2024-11-18 12:00:00+00:00,8.974,8.974,9.077,7.627,7.7269998,10.565,10.415,6.789,55.0,55.0,49.0,43.0,57.0,69.0,93.0,100.0,754.22845,754.22845,723.7239,641.0841,488.32578,329.27194,294.34915,64.75693
2024-11-18 13:00:00+00:00,9.424,9.424,9.526999,8.427,7.7269998,11.065,10.214999,6.889,0.0,0.0,33.0,35.0,71.0,74.0,95.0,96.0,718.8356,718.8356,652.40454,548.4817,476.31305,328.22504,345.50006,77.54644
2024-11-18 14:00:00+00:00,9.374,9.374,9.276999,8.377,7.377,11.214999,9.415,6.889,0.0,0.0,15.0,33.0,86.0,80.0,98.0,91.0,619.6405,619.6405,575.81866,465.38766,441.7239,299.46304,378.2691,98.10429
2024-11-18 15:00:00+00:00,8.124,8.124,8.177,7.527,6.8269997,11.165,8.464999,6.839,3.0,3.0,30.0,49.0,100.0,85.0,100.0,87.0,372.1845,372.1845,317.1095,280.2363,353.9827,236.1088,339.4064,95.50311
2024-11-18 16:00:00+00:00,6.224,6.224,6.5769997,6.2269998,6.0769997,10.964999,7.465,6.789,1.0,1.0,4.0,60.0,100.0,86.0,96.0,91.0,19.625732,19.625732,15.706855,15.706855,78.53427,47.394833,78.99139,15.649393
2024-11-18 17:00:00+00:00,2.974,2.974,4.327,4.427,5.0769997,10.565,6.3650002,6.689,0.0,0.0,4.0,74.0,100.0,86.0,93.0,96.0,0.0,0.0,0.0,0.0,0.0,0.0,0.0,0.0
2024-11-18 18:00:00+00:00,2.174,2.174,3.377,5.427,4.027,10.165,5.565,4.539,29.0,29.0,7.0,100.0,100.0,87.0,89.0,100.0,0.0,0.0,0.0,0.0,0.0,0.0,0.0,0.0
2024-11-18 19:00:00+00:00,1.174,1.174,2.427,4.527,3.377,9.815,5.3650002,4.539,2.0,2.0,6.0,23.0,92.0,83.0,90.0,99.0,0.0,0.0,0.0,0.0,0.0,0.0,0.0,0.0
2024-11-18 20:00:00+00:00,0.724,0.724,1.377,3.927,2.8270001,9.415,5.465,4.589,100.0,100.0,22.0,8.0,85.0,79.0,91.0,99.0,0.0,0.0,0.0,0.0,0.0,0.0,0.0,0.0
2024-11-18 21:00:00+00:00,0.374,0.374,1.277,3.377,2.3270001,9.014999,5.515,4.589,100.0,100.0,63.0,100.0,77.0,75.0,92.0,98.0,0.0,0.0,0.0,0.0,0.0,0.0,0.0,0.0
2024-11-18 22:00:00+00:00,1.527,1.527,1.527,3.3270001,1.777,8.514999,5.315,4.589,88.0,88.0,88.0,100.0,84.0,76.0,93.0,95.0,0.0,0.0,0.0,0.0,0.0,0.0,0.0,0.0
2024-11-18 23:00:00+00:00,1.627,1.627,1.627,3.0270002,1.277,7.965,5.065,4.639,100.0,100.0,100.0,100.0,90.0,76.0,94.0,92.0,0.0,0.0,0.0,0.0,0.0,0.0,0.0,0.0
2024-11-19 00:00:00+00:00,1.6769999,1.6769999,1.6769999,1.827,2.427,0.16499999,9.464999,3.589,100.0,100.0,100.0,100.0,97.0,70.0,97.0,100.0,0.0,0.0,0.0,0.0,0.0,0.0,0.0,0.0
2024-11-19 01:00:00+00:00,1.577,1.577,1.577,1.6769999,2.5770001,0.114999995,9.214999,3.6890001,100.0,100.0,100.0,100.0,98.0,78.0,97.0,100.0,0.0,0.0,0.0,0.0,0.0,0.0,0.0,0.0
2024-11-19 02:00:00+00:00,1.877,1.877,1.877,1.827,2.8270001,0.065,9.014999,3.739,100.0,100.0,100.0,100.0,99.0,85.0,98.0,100.0,0.0,0.0,0.0,0.0,0.0,0.0,0.0,0.0
2024-11-19 03:00:00+00:00,2.427,2.427,2.427,1.627,3.0770001,-0.08500001,8.865,3.789,100.0,100.0,100.0,100.0,100.0,93.0,98.0,100.0,0.0,0.0,0.0,0.0,0.0,0.0,0.0,0.0
2024-11-19 04:00:00+00:00,2.5270002,2.5270002,2.5270002,1.327,3.177,-0.535,8.764999,3.839,100.0,100.0,100.0,100.0,100.0,95.0,99.0,100.0,0.0,0.0,0.0,0.0,0.0,0.0,0.0,0.0
2024-11-19 05:00:00+00:00,2.477,2.477,2.477,1.4269999,3.227,-1.085,8.714999,3.9390001,100.0,100.0,100.0,100.0,100.0,98.0,99.0,100.0,0.0,0.0,0.0,0.0,0.0,0.0,0.0,0.0
2024-11-19 06:00:00+00:00,2.277,2.277,2.277,0.577,3.627,-1.2349999,8.764999,0.889,100.0,100.0,100.0,97.0,100.0,100.0,100.0,99.0,0.0,0.0,0.0,0.0,0.0,0.0,0.0,0.0
2024-11-19 07:00:00+00:00,3.0770001,3.0770001,3.0770001,0.67700005,4.2269998,-0.685,8.815,1.7390001,100.0,100.0,100.0,84.0,100.0,100.0,100.0,99.0,0.0,0.0,0.0,10.739393,0.0,10.560671,21.121342,158.93323
2024-11-19 08:00:00+00:00,3.3270001,3.3270001,3.3270001,1.9269999,5.0769997,0.315,8.915,2.9390001,100.0,100.0,100.0,92.0,100.0,100.0,100.0,99.0,0.0,0.0,0.0,166.54276,5.551425,10.9159155,27.289787,273.6349
2024-11-19 09:00:00+00:00,4.627,4.627,4.627,3.627,5.927,1.365,9.415,4.139,100.0,100.0,100.0,91.0,100.0,100.0,100.0,99.0,0.0,0.0,0.0,197.74365,10.22812,10.127008,33.756695,283.77777
2024-11-19 10:00:00+00:00,5.677,5.677,5.677,4.927,6.677,2.4650002,10.615,5.339,100.0,100.0,100.0,100.0,100.0,100.0,100.0,99.0,8.108607,8.108607,8.108607,324.34427,29.73156,18.78768,56.36304,311.29337
2024-11-19 11:00:00+00:00,6.9769998,6.9769998,6.9769998,5.777,7.427,3.565,12.165,6.539,100.0,100.0,100.0,100.0,100.0,100.0,100.0,100.0,98.78662,98.78662,98.78662,170.40692,54.33264,31.93662,85.98321,353.46133
2024-11-19 12:00:00+00:00,7.527,7.527,7.527,5.527,9.026999,6.215,13.514999,8.389,100.0,100.0,100.0,100.0,100.0,100.0,96.0,5.0,103.605064,103.605064,103.605064,40.431244,42.958195,17.618876,115.78118,728.794
2024-11-19 13:00:00+00:00,7.8269997,7.8269997,7.8269997,6.0769997,9.227,7.415,13.464999,7.989,100.0,100.0,100.0,100.0,100.0,93.0,94.0,6.0,37.894073,37.894073,37.894073,75.78815,55.383644,66.86408,104.65683,724.9818
2024-11-19 14:00:00+00:00,7.877,7.877,7.877,6.027,9.327,8.514999,13.065,6.989,100.0,100.0,100.0,100.0,100.0,86.0,91.0,8.0,15.969156,15.969156,15.969156,59.88434,63.876625,127.628944,83.7565,691.10876
2024-11-19 15:00:00+00:00,7.5769997,7.5769997,7.5769997,5.677,9.276999,9.264999,12.714999,5.989,100.0,100.0,100.0,100.0,100.0,79.0,89.0,9.0,7.45826,7.45826,7.45826,0.0,59.66608,149.23668,59.694675,557.1855
2024-11-19 16:00:00+00:00,7.127,7.127,7.127,5.527,9.026999,9.365,12.665,4.989,100.0,100.0,100.0,99.0,99.0,85.0,92.0,31.0,0.0,0.0,0.0,0.0,16.034382,32.25471,16.127356,127.783554
2024-11-19 17:00:00+00:00,6.7269998,6.7269998,6.7269998,5.377,8.627,9.065,12.665,3.9390001,95.0,95.0,95.0,89.0,98.0,90.0,96.0,53.0,0.0,0.0,0.0,0.0,0.0,0.0,0.0,0.0
2024-11-19 18:00:00+00:00,6.4769998,6.4769998,6.4769998,6.4769998,4.8269997,8.865,12.415,-1.161,92.0,92.0,92.0,92.0,91.0,96.0,99.0,50.0,0.0,0.0,0.0,0.0,0.0,0.0,0.0,0.0
2024-11-19 19:00:00+00:00,6.927,6.927,6.927,6.927,4.927,8.915,11.714999,-0.861,78.0,78.0,78.0,78.0,94.0,92.0,99.0,67.0,0.0,0.0,0.0,0.0,0.0,0.0,0.0,0.0
2024-11-19 20:00:00+00:00,7.177,7.177,7.177,7.177,5.177,9.065,10.714999,-0.061,100.0,100.0,100.0,100.0,96.0,87.0,100.0,83.0,0.0,0.0,0.0,0.0,0.0,0.0,0.0,0.0
2024-11-19 21:00:00+00:00,6.877,6.877,6.877,6.877,5.4769998,9.214999,10.065,0.489,96.0,96.0,96.0,96.0,99.0,83.0,100.0,100.0,0.0,0.0,0.0,0.0,0.0,0.0,0.0,0.0
2024-11-19 22:00:00+00:00,7.427,7.427,7.427,7.427,5.877,9.464999,9.915,0.289,100.0,100.0,100.0,100.0,99.0,89.0,100.0,100.0,0.0,0.0,0.0,0.0,0.0,0.0,0.0,0.0
2024-11-19 23:00:00+00:00,7.777,7.777,7.777,7.777,6.3269997,9.714999,10.115,-0.211,100.0,100.0,100.0,100.0,100.0,94.0,100.0,100.0,0.0,0.0,0.0,0.0,0.0,0.0,0.0,0.0
2024-11-20 00:00:00+00:00,8.027,8.027,8.027,8.027,5.8269997,13.264999,11.065,2.6890001,100.0,100.0,100.0,100.0,98.0,100.0,100.0,100.0,0.0,0.0,0.0,0.0,0.0,0.0,0.0,0.0
2024-11-20 01:00:00+00:00,8.277,8.277,8.277,8.277,6.427,13.365,11.415,2.239,100.0,100.0,100.0,100.0,99.0,100.0,100.0,100.0,0.0,0.0,0.0,0.0,0.0,0.0,0.0,0.0
2024-11-20 02:00:00+00:00,8.477,8.477,8.477,8.477,7.127,13.365,11.264999,1.639,100.0,100.0,100.0,100.0,99.0,100.0,100.0,100.0,0.0,0.0,0.0,0.0,0.0,0.0,0.0,0.0
2024-11-20 03:00:00+00:00,8.477,8.477,8.477,8.477,7.677,13.264999,10.915,1.139,100.0,100.0,100.0,100.0,100.0,100.0,100.0,100.0,0.0,0.0,0.0,0.0,0.0,0.0,0.0,0.0
2024-11-20 04:00:00+00:00,8.227,8.227,8.227,8.227,8.027,13.264999,10.565,0.73899996,100.0,100.0,100.0,100.0,100.0,100.0,100.0,100.0,0.0,0.0,0.0,0.0,0.0,0.0,0.0,0.0
2024-11-20 05:00:00+00:00,7.777,7.777,7.777,7.777,8.227,13.115,10.014999,0.439,99.0,99.0,99.0,99.0,99.0,100.0,100.0,100.0,0.0,0.0,0.0,0.0,0.0,0.0,0.0,0.0
2024-11-20 06:00:00+00:00,7.177,7.177,7.177,7.177,10.677,12.264999,9.115,3.589,99.0,99.0,99.0,99.0,100.0,100.0,100.0,100.0,0.0,0.0,0.0,0.0,0.0,0.0,0.0,0.0
2024-11-20 07:00:00+00:00,6.277,6.277,6.277,6.277,10.327,10.065,7.6150002,3.289,99.0,99.0,99.0,99.0,94.0,100.0,100.0,100.0,0.0,0.0,0.0,0.0,98.692406,0.0,0.0,10.815887
2024-11-20 08:00:00+00:00,5.2269998,5.2269998,5.2269998,5.2269998,9.827,7.065,5.815,3.139,100.0,100.0,100.0,100.0,88.0,100.0,100.0,100.0,0.0,0.0,0.0,0.0,181.50987,0.0,0.0,11.179835
2024-11-20 09:00:00+00:00,4.2269998,4.2269998,4.2269998,4.2269998,9.227,4.515,4.415,3.289,100.0,100.0,100.0,100.0,82.0,100.0,100.0,100.0,0.0,0.0,0.0,0.0,186.56378,0.0,0.0,30.806484
2024-11-20 10:00:00+00:00,3.2770002,3.2770002,3.2770002,3.2770002,8.577,2.7150002,3.765,3.989,100.0,100.0,100.0,100.0,65.0,100.0,100.0,100.0,0.0,0.0,0.0,0.0,196.63338,0.0,2.7116783,116.584984
2024-11-20 11:00:00+00:00,2.377,2.377,2.377,2.377,7.877,1.2650001,3.515,4.939,100.0,100.0,100.0,100.0,49.0,100.0,99.0,100.0,2.4923651,2.4923651,2.4923651,2.4923651,214.3434,0.0,9.916359,235.31335
2024-11-20 12:00:00+00:00,1.6769999,1.6769999,1.6769999,1.6769999,1.327,0.315,2.615,2.639,100.0,100.0,100.0,100.0,100.0,100.0,100.0,100.0,2.5494666,2.5494666,2.5494666,2.5494666,2.5494666,0.0,17.774927,103.947716
2024-11-20 13:00:00+00:00,1.327,1.327,1.327,1.327,0.827,0.16499999,2.665,2.6890001,100.0,100.0,100.0,100.0,100.0,100.0,100.0,100.0,2.9427814,2.9427814,2.9427814,2.9427814,2.9427814,0.0,17.608625,137.5893
2024-11-20 14:00:00+00:00,1.177,1.177,1.177,1.177,0.627,0.315,2.565,2.539,100.0,100.0,100.0,100.0,100.0,100.0,100.0,100.0,0.0,0.0,0.0,0.0,4.0400634,0.0,12.107817,172.81879
2024-11-20 15:00:00+00:00,0.977,0.977,0.977,0.977,0.477,0.415,2.315,1.889,100.0,100.0,100.0,100.0,100.0,100.0,100.0,100.0,0.0,0.0,0.0,0.0,7.540549,0.0,7.543892,180.25208
2024-11-20 16:00:00+00:00,0.627,0.627,0.627,0.627,0.327,0.365,1.915,0.18900001,100.0,100.0,100.0,100.0,100.0,100.0,100.0,69.0,0.0,0.0,0.0,0.0,0.0,0.0,0.0,48.88809
2024-11-20 17:00:00+00:00,0.277,0.277,0.277,0.277,0.227,0.265,1.415,-2.111,100.0,100.0,100.0,100.0,100.0,100.0,100.0,38.0,0.0,0.0,0.0,0.0,0.0,0.0,0.0,0.0
2024-11-20 18:00:00+00:00,-0.072999984,-0.072999984,-0.072999984,-0.072999984,-0.072999984,0.16499999,1.015,-1.961,100.0,100.0,100.0,100.0,100.0,100.0,100.0,43.0,0.0,0.0,0.0,0.0,0.0,0.0,0.0,0.0
2024-11-20 19:00:00+00:00,-0.32299998,-0.32299998,-0.32299998,-0.32299998,-0.32299998,0.114999995,0.765,-2.261,100.0,100.0,100.0,100.0,100.0,100.0,80.0,30.0,0.0,0.0,0.0,0.0,0.0,0.0,0.0,0.0
2024-11-20 20:00:00+00:00,-0.523,-0.523,-0.523,-0.523,-0.523,0.114999995,0.615,-2.111,100.0,100.0,100.0,100.0,100.0,100.0,59.0,17.0,0.0,0.0,0.0,0.0,0.0,0.0,0.0,0.0
2024-11-20 21:00:00+00:00,-0.623,-0.623,-0.623,-0.623,-0.623,-0.035000004,0.465,-1.961,100.0,100.0,100.0,100.0,100.0,100.0,39.0,4.0,0.0,0.0,0.0,0.0,0.0,0.0,0.0,0.0
2024-11-20 22:00:00+00:00,-0.523,-0.523,-0.523,-0.523,-0.523,-0.335,0.365,-1.911,84.0,84.0,84.0,84.0,84.0,100.0,42.0,8.0,0.0,0.0,0.0,0.0,0.0,0.0,0.0,0.0
2024-11-20 23:00:00+00:00,-0.32299998,-0.32299998,-0.32299998,-0.32299998,-0.32299998,-0.735,0.315,-1.911,67.0,67.0,67.0,67.0,67.0,100.0,46.0,12.0,0.0,0.0,0.0,0.0,0.0,0.0,0.0,0.0
2024-11-21 00:00:00+00:00,-0.373,-0.373,-0.373,-0.373,-0.373,0.265,0.565,-3.861,51.0,51.0,51.0,51.0,51.0,78.0,100.0,38.0,0.0,0.0,0.0,0.0,0.0,0.0,0.0,0.0
2024-11-21 01:00:00+00:00,-0.873,-0.873,-0.873,-0.873,-0.873,-0.285,0.415,-5.061,41.0,41.0,41.0,41.0,41.0,79.0,100.0,28.0,0.0,0.0,0.0,0.0,0.0,0.0,0.0,0.0
2024-11-21 02:00:00+00:00,-1.5730001,-1.5730001,-1.5730001,-1.5730001,-1.5730001,-0.785,0.315,-6.361,31.0,31.0,31.0,31.0,31.0,79.0,100.0,17.0,0.0,0.0,0.0,0.0,0.0,0.0,0.0,0.0
2024-11-21 03:00:00+00:00,-2.123,-2.123,-2.123,-2.123,-2.123,-1.085,0.265,-7.361,21.0,21.0,21.0,21.0,21.0,80.0,100.0,7.0,0.0,0.0,0.0,0.0,0.0,0.0,0.0,0.0
2024-11-21 04:00:00+00:00,-2.4229999,-2.4229999,-2.4229999,-2.4229999,-2.4229999,-0.935,0.215,-8.011001,18.0,18.0,18.0,18.0,18.0,80.0,100.0,6.0,0.0,0.0,0.0,0.0,0.0,0.0,0.0,0.0
2024-11-21 05:00:00+00:00,-2.573,-2.573,-2.573,-2.573,-2.573,-0.585,0.215,-8.361,16.0,16.0,16.0,16.0,16.0,79.0,100.0,6.0,0.0,0.0,0.0,0.0,0.0,0.0,0.0,0.0
2024-11-21 06:00:00+00:00,-2.373,-2.373,-2.373,-2.373,-2.373,-0.135,0.315,-10.561001,13.0,13.0,13.0,13.0,13.0,79.0,100.0,72.0,0.0,0.0,0.0,0.0,0.0,0.0,0.0,0.0
2024-11-21 07:00:00+00:00,-1.673,-1.673,-1.673,-1.673,-1.673,0.215,0.465,-8.661,9.0,9.0,9.0,9.0,9.0,85.0,100.0,50.0,313.54404,313.54404,313.54404,313.54404,313.54404,99.03621,0.0,331.2454
2024-11-21 08:00:00+00:00,-0.673,-0.673,-0.673,-0.673,-0.673,0.615,0.715,-5.661,6.0,6.0,6.0,6.0,6.0,90.0,100.0,27.0,596.997,596.997,596.997,596.997,596.997,182.21243,0.0,605.273
2024-11-21 09:00:00+00:00,0.327,0.327,0.327,0.327,0.327,1.2149999,1.065,-3.011,2.0,2.0,2.0,2.0,2.0,96.0,100.0,5.0,612.6249,612.6249,612.6249,612.6249,612.6249,197.51154,0.0,613.81445
2024-11-21 10:00:00+00:00,1.277,1.277,1.277,1.277,1.277,2.315,1.665,-0.961,1.0,1.0,1.0,1.0,1.0,84.0,100.0,4.0,681.50385,681.50385,681.50385,681.50385,681.50385,254.76007,16.436132,673.78094
2024-11-21 11:00:00+00:00,2.177,2.177,2.177,2.177,2.177,3.615,2.365,0.68899995,1.0,1.0,1.0,1.0,1.0,73.0,100.0,3.0,774.5898,774.5898,774.5898,774.5898,774.5898,330.17856,45.024345,754.76117
2024-11-21 12:00:00+00:00,2.727,2.727,2.727,2.727,2.727,2.165,2.615,0.18900001,0.0,0.0,0.0,0.0,0.0,46.0,0.0,6.0,820.3785,820.3785,820.3785,820.3785,820.3785,765.83105,794.00543,800.4278
2024-11-21 13:00:00+00:00,2.677,2.677,2.677,2.677,2.677,2.565,2.815,-0.211,25.0,25.0,25.0,25.0,25.0,40.0,10.0,7.0,796.02155,796.02155,796.02155,796.02155,796.02155,776.0443,820.4743,788.86066
2024-11-21 14:00:00+00:00,2.227,2.227,2.227,2.227,2.227,2.665,2.665,-1.5109999,51.0,51.0,51.0,51.0,51.0,35.0,20.0,8.0,723.4234,723.4234,723.4234,723.4234,723.4234,738.9815,771.6437,739.91974
2024-11-21 15:00:00+00:00,1.777,1.777,1.777,1.777,1.777,2.565,2.315,-2.861,76.0,76.0,76.0,76.0,76.0,29.0,30.0,9.0,548.7253,548.7253,548.7253,548.7253,548.7253,594.6954,602.31964,592.041
2024-11-21 16:00:00+00:00,1.277,1.277,1.277,1.277,1.277,2.265,1.565,-4.411,84.0,84.0,84.0,84.0,84.0,53.0,22.0,31.0,116.78587,116.78587,116.78587,116.78587,116.78587,134.25574,117.47376,132.9211
2024-11-21 17:00:00+00:00,0.777,0.777,0.777,0.777,0.777,1.7650001,0.515,-6.061,92.0,92.0,92.0,92.0,92.0,76.0,13.0,52.0,0.0,0.0,0.0,0.0,0.0,0.0,0.0,0.0
2024-11-21 18:00:00+00:00,0.377,0.377,0.377,0.377,0.377,1.365,-0.335,-5.211,100.0,100.0,100.0,100.0,100.0,100.0,5.0,9.0,0.0,0.0,0.0,0.0,0.0,0.0,0.0,0.0
2024-11-21 19:00:00+00:00,1.115,1.115,1.115,1.115,1.115,1.115,-0.835,-5.761,99.0,99.0,99.0,99.0,99.0,99.0,11.0,39.0,0.0,0.0,0.0,0.0,0.0,0.0,0.0,0.0
2024-11-21 20:00:00+00:00,0.965,0.965,0.965,0.965,0.965,0.965,-1.185,-5.661,98.0,98.0,98.0,98.0,98.0,98.0,17.0,70.0,0.0,0.0,0.0,0.0,0.0,0.0,0.0,0.0
2024-11-21 21:00:00+00:00,0.865,0.865,0.865,0.865,0.865,0.865,-1.5350001,-5.261,97.0,97.0,97.0,97.0,97.0,97.0,23.0,100.0,0.0,0.0,0.0,0.0,0.0,0.0,0.0,0.0
2024-11-21 22:00:00+00:00,0.815,0.815,0.815,0.815,0.815,0.815,-1.935,-4.511,98.0,98.0,98.0,98.0,98.0,98.0,49.0,100.0,0.0,0.0,0.0,0.0,0.0,0.0,0.0,0.0
2024-11-21 23:00:00+00:00,0.815,0.815,0.815,0.815,0.815,0.815,-2.335,-3.461,99.0,99.0,99.0,99.0,99.0,99.0,74.0,100.0,0.0,0.0,0.0,0.0,0.0,0.0,0.0,0.0
2024-11-22 00:00:00+00:00,0.765,0.765,0.765,0.765,0.765,0.765,1.015,-4.061,100.0,100.0,100.0,100.0,100.0,100.0,100.0,100.0,0.0,0.0,0.0,0.0,0.0,0.0,0.0,0.0
2024-11-22 01:00:00+00:00,0.565,0.565,0.565,0.565,0.565,0.565,1.115,-2.861,100.0,100.0,100.0,100.0,100.0,100.0,100.0,100.0,0.0,0.0,0.0,0.0,0.0,0.0,0.0,0.0
2024-11-22 02:00:00+00:00,0.365,0.365,0.365,0.365,0.365,0.365,1.2149999,-1.461,100.0,100.0,100.0,100.0,100.0,100.0,100.0,100.0,0.0,0.0,0.0,0.0,0.0,0.0,0.0,0.0
2024-11-22 03:00:00+00:00,0.215,0.215,0.215,0.215,0.215,0.215,1.2650001,-0.361,100.0,100.0,100.0,100.0,100.0,100.0,100.0,100.0,0.0,0.0,0.0,0.0,0.0,0.0,0.0,0.0
2024-11-22 04:00:00+00:00,0.16499999,0.16499999,0.16499999,0.16499999,0.16499999,0.16499999,1.015,0.039,100.0,100.0,100.0,100.0,100.0,100.0,85.0,100.0,0.0,0.0,0.0,0.0,0.0,0.0,0.0,0.0
2024-11-22 05:00:00+00:00,0.215,0.215,0.215,0.215,0.215,0.215,0.615,0.039,100.0,100.0,100.0,100.0,100.0,100.0,71.0,100.0,0.0,0.0,0.0,0.0,0.0,0.0,0.0,0.0
2024-11-22 06:00:00+00:00,0.365,0.365,0.365,0.365,0.365,0.365,0.615,0.18900001,100.0,100.0,100.0,100.0,100.0,100.0,56.0,100.0,0.0,0.0,0.0,0.0,0.0,0.0,0.0,0.0
2024-11-22 07:00:00+00:00,0.715,0.715,0.715,0.715,0.715,0.715,1.2149999,0.589,100.0,100.0,100.0,100.0,100.0,100.0,54.0,100.0,22.46662,22.46662,22.46662,22.46662,22.46662,22.46662,235.8995,90.17964
2024-11-22 08:00:00+00:00,1.2149999,1.2149999,1.2149999,1.2149999,1.2149999,1.2149999,2.115,1.4890001,100.0,100.0,100.0,100.0,100.0,100.0,53.0,100.0,29.082785,29.082785,29.082785,29.082785,29.082785,29.082785,447.87488,145.83005
2024-11-22 09:00:00+00:00,1.815,1.815,1.815,1.815,1.815,1.815,3.165,2.239,100.0,100.0,100.0,100.0,100.0,100.0,51.0,100.0,49.142776,49.142776,49.142776,49.142776,49.142776,49.142776,459.836,179.16446
2024-11-22 10:00:00+00:00,2.665,2.665,2.665,2.665,2.665,2.665,4.415,2.9390001,67.0,67.0,67.0,67.0,67.0,67.0,67.0,78.0,113.44378,113.44378,113.44378,113.44378,113.44378,113.44378,514.6474,301.54907
2024-11-22 11:00:00+00:00,3.615,3.615,3.615,3.615,3.615,3.615,5.765,3.539,33.0,33.0,33.0,33.0,33.0,33.0,84.0,55.0,204.39502,204.39502,204.39502,204.39502,204.39502,204.39502,585.4277,471.46756
2024-11-22 12:00:00+00:00,4.265,4.265,4.265,4.265,4.265,4.265,4.265,-0.261,0.0,0.0,0.0,0.0,0.0,0.0,0.0,5.0,297.0478,297.0478,297.0478,297.0478,297.0478,297.0478,297.0478,799.46826
2024-11-22 13:00:00+00:00,4.465,4.465,4.465,4.465,4.465,4.465,4.465,-0.211,3.0,3.0,3.0,3.0,3.0,3.0,3.0,6.0,406.46954,406.46954,406.46954,406.46954,406.46954,406.46954,406.46954,772.11804
2024-11-22 14:00:00+00:00,4.3650002,4.3650002,4.3650002,4.3650002,4.3650002,4.3650002,4.3650002,-0.911,5.0,5.0,5.0,5.0,5.0,5.0,5.0,7.0,516.09106,516.09106,516.09106,516.09106,516.09106,516.09106,516.09106,707.1041
2024-11-22 15:00:00+00:00,3.7150002,3.7150002,3.7150002,3.7150002,3.7150002,3.7150002,3.7150002,-1.411,8.0,8.0,8.0,8.0,8.0,8.0,8.0,8.0,485.2758,485.2758,485.2758,485.2758,485.2758,485.2758,485.2758,552.1019
2024-11-22 16:00:00+00:00,2.165,2.165,2.165,2.165,2.165,2.165,2.165,-1.211,39.0,39.0,39.0,39.0,39.0,39.0,39.0,31.0,102.62084,102.62084,102.62084,102.62084,102.62084,102.62084,102.62084,118.5153
2024-11-22 17:00:00+00:00,0.114999995,0.114999995,0.114999995,0.114999995,0.114999995,0.114999995,0.114999995,-0.81100005,69.0,69.0,69.0,69.0,69.0,69.0,69.0,54.0,0.0,0.0,0.0,0.0,0.0,0.0,0.0,0.0
2024-11-22 18:00:00+00:00,-1.5350001,-1.5350001,-1.5350001,-1.5350001,-1.5350001,-1.5350001,-1.5350001,-8.561001,100.0,100.0,100.0,100.0,100.0,100.0,100.0,17.0,0.0,0.0,0.0,0.0,0.0,0.0,0.0,0.0
2024-11-22 19:00:00+00:00,-2.335,-2.335,-2.335,-2.335,-2.335,-2.335,-2.335,-9.711,100.0,100.0,100.0,100.0,100.0,100.0,100.0,14.0,0.0,0.0,0.0,0.0,0.0,0.0,0.0,0.0
2024-11-22 20:00:00+00:00,-2.735,-2.735,-2.735,-2.735,-2.735,-2.735,-2.735,-10.361,99.0,99.0,99.0,99.0,99.0,99.0,99.0,10.0,0.0,0.0,0.0,0.0,0.0,0.0,0.0,0.0
2024-11-22 21:00:00+00:00,-2.985,-2.985,-2.985,-2.985,-2.985,-2.985,-2.985,-10.861,99.0,99.0,99.0,99.0,99.0,99.0,99.0,7.0,0.0,0.0,0.0,0.0,0.0,0.0,0.0,0.0
2024-11-22 22:00:00+00:00,-3.085,-3.085,-3.085,-3.085,-3.085,-3.085,-3.085,-11.361,99.0,99.0,99.0,99.0,99.0,99.0,99.0,8.0,0.0,0.0,0.0,0.0,0.0,0.0,0.0,0.0
2024-11-22 23:00:00+00:00,-3.0349998,-3.0349998,-3.0349998,-3.0349998,-3.0349998,-3.0349998,-3.0349998,-11.761001,100.0,100.0,100.0,100.0,100.0,100.0,100.0,10.0,0.0,0.0,0.0,0.0,0.0,0.0,0.0,0.0
2024-11-23 00:00:00+00:00,-2.935,-2.935,-2.935,-2.935,-2.935,-2.935,-2.935,-1.961,100.0,100.0,100.0,100.0,100.0,100.0,100.0,45.0,0.0,0.0,0.0,0.0,0.0,0.0,0.0,0.0
2024-11-23 01:00:00+00:00,-2.885,-2.885,-2.885,-2.885,-2.885,-2.885,-2.885,-2.0609999,100.0,100.0,100.0,100.0,100.0,100.0,100.0,63.0,0.0,0.0,0.0,0.0,0.0,0.0,0.0,0.0
2024-11-23 02:00:00+00:00,-2.7849998,-2.7849998,-2.7849998,-2.7849998,-2.7849998,-2.7849998,-2.7849998,-2.211,100.0,100.0,100.0,100.0,100.0,100.0,100.0,82.0,0.0,0.0,0.0,0.0,0.0,0.0,0.0,0.0
2024-11-23 03:00:00+00:00,-2.735,-2.735,-2.735,-2.735,-2.735,-2.735,-2.735,-2.3109999,100.0,100.0,100.0,100.0,100.0,100.0,100.0,100.0,0.0,0.0,0.0,0.0,0.0,0.0,0.0,0.0
2024-11-23 04:00:00+00:00,-2.735,-2.735,-2.735,-2.735,-2.735,-2.735,-2.735,-2.461,98.0,98.0,98.0,98.0,98.0,98.0,98.0,88.0,0.0,0.0,0.0,0.0,0.0,0.0,0.0,0.0
2024-11-23 05:00:00+00:00,-2.735,-2.735,-2.735,-2.735,-2.735,-2.735,-2.735,-2.611,97.0,97.0,97.0,97.0,97.0,97.0,97.0,76.0,0.0,0.0,0.0,0.0,0.0,0.0,0.0,0.0
2024-11-23 06:00:00+00:00,-2.585,-2.585,-2.585,-2.585,-2.585,-2.585,-2.585,-7.461,95.0,95.0,95.0,95.0,95.0,95.0,95.0,12.0,0.0,0.0,0.0,0.0,0.0,0.0,0.0,0.0
2024-11-23 07:00:00+00:00,-2.135,-2.135,-2.135,-2.135,-2.135,-2.135,-2.135,-5.911,97.0,97.0,97.0,97.0,97.0,97.0,97.0,15.0,11.467385,11.467385,11.467385,11.467385,11.467385,11.467385,11.467385,276.18655
2024-11-23 08:00:00+00:00,-1.585,-1.585,-1.585,-1.585,-1.585,-1.585,-1.585,-3.761,98.0,98.0,98.0,98.0,98.0,98.0,98.0,17.0,29.708332,29.708332,29.708332,29.708332,29.708332,29.708332,29.708332,542.26917
2024-11-23 09:00:00+00:00,-1.0350001,-1.0350001,-1.0350001,-1.0350001,-1.0350001,-1.0350001,-1.0350001,-1.561,100.0,100.0,100.0,100.0,100.0,100.0,100.0,20.0,31.998497,31.998497,31.998497,31.998497,31.998497,31.998497,31.998497,555.093
2024-11-23 10:00:00+00:00,-0.635,-0.635,-0.635,-0.635,-0.635,-0.635,-0.635,0.839,98.0,98.0,98.0,98.0,98.0,98.0,98.0,24.0,25.1488,25.1488,25.1488,25.1488,25.1488,25.1488,25.1488,603.4797
2024-11-23 11:00:00+00:00,-0.23500001,-0.23500001,-0.23500001,-0.23500001,-0.23500001,-0.23500001,-0.23500001,3.289,95.0,95.0,95.0,95.0,95.0,95.0,95.0,29.0,15.270978,15.270978,15.270978,15.270978,15.270978,15.270978,15.270978,663.71
2024-11-23 12:00:00+00:00,0.114999995,0.114999995,0.114999995,0.114999995,0.114999995,0.114999995,0.114999995,4.039,93.0,93.0,93.0,93.0,93.0,93.0,93.0,49.0,13.021818,13.021818,13.021818,13.021818,13.021818,13.021818,13.021818,598.04767
2024-11-23 13:00:00+00:00,0.415,0.415,0.415,0.415,0.415,0.415,0.415,3.589,94.0,94.0,94.0,94.0,94.0,94.0,94.0,39.0,21.10449,21.10449,21.10449,21.10449,21.10449,21.10449,21.10449,601.4411
2024-11-23 14:00:00+00:00,0.715,0.715,0.715,0.715,0.715,0.715,0.715,2.1890001,94.0,94.0,94.0,94.0,94.0,94.0,94.0,29.0,37.562904,37.562904,37.562904,37.562904,37.562904,37.562904,37.562904,577.6331
2024-11-23 15:00:00+00:00,1.115,1.115,1.115,1.115,1.115,1.115,1.115,1.039,95.0,95.0,95.0,95.0,95.0,95.0,95.0,19.0,38.89531,38.89531,38.89531,38.89531,38.89531,38.89531,38.89531,495.5991
2024-11-23 16:00:00+00:00,1.815,1.815,1.815,1.815,1.815,1.815,1.815,0.73899996,92.0,92.0,92.0,92.0,92.0,92.0,92.0,46.0,17.419865,17.419865,17.419865,17.419865,17.419865,17.419865,17.419865,155.16621
2024-11-23 17:00:00+00:00,2.665,2.665,2.665,2.665,2.665,2.665,2.665,0.68899995,89.0,89.0,89.0,89.0,89.0,89.0,89.0,73.0,0.0,0.0,0.0,0.0,0.0,0.0,0.0,0.0
2024-11-23 18:00:00+00:00,3.415,3.415,3.415,3.415,3.415,3.415,3.415,-2.161,86.0,86.0,86.0,86.0,86.0,86.0,86.0,100.0,0.0,0.0,0.0,0.0,0.0,0.0,0.0,0.0
2024-11-23 19:00:00+00:00,4.065,4.065,4.065,4.065,4.065,4.065,4.065,-2.611,90.0,90.0,90.0,90.0,90.0,90.0,90.0,94.0,0.0,0.0,0.0,0.0,0.0,0.0,0.0,0.0
2024-11-23 20:00:00+00:00,4.665,4.665,4.665,4.665,4.665,4.665,4.665,-2.5609999,93.0,93.0,93.0,93.0,93.0,93.0,93.0,88.0,0.0,0.0,0.0,0.0,0.0,0.0,0.0,0.0
2024-11-23 21:00:00+00:00,5.165,5.165,5.165,5.165,5.165,5.165,5.165,-2.511,97.0,97.0,97.0,97.0,97.0,97.0,97.0,82.0,0.0,0.0,0.0,0.0,0.0,0.0,0.0,0.0
2024-11-23 22:00:00+00:00,5.565,5.565,5.565,5.565,5.565,5.565,5.565,-2.461,98.0,98.0,98.0,98.0,98.0,98.0,98.0,85.0,0.0,0.0,0.0,0.0,0.0,0.0,0.0,0.0
